fecha,indicativo,nombre,provincia,altitud,tmed,prec,tmin,horatmin,tmax,horatmax,dir,velmedia,racha,horaracha,hrMedia,hrMax,horaHrMax,hrMin,horaHrMin
2024-01-01,0201D,"BARCELONA, PORT OLÍMPIC",BARCELONA,26,"11,6","0,0","8,6",06:00,"14,6",13:40,36,"1,9","4,2",06:20,82,90,16:50,69,12:30
2024-01-02,0201D,"BARCELONA, PORT OLÍMPIC",BARCELONA,26,"11,8","0,0","8,1",01:50,"15,4",12:20,26,"2,8","7,5",11:20,53,81,00:30,39,16:10
2024-01-03,0201D,"BARCELONA, PORT OLÍMPIC",BARCELONA,26,"16,0","0,0","13,6",00:30,"18,4",12:30,27,"1,4","9,7",11:50,74,86,19:50,62,00:00
2024-01-04,0201D,"BARCELONA, PORT OLÍMPIC",BARCELONA,26,"14,2","0,3","11,0",07:00,"17,4",13:30,26,"1,4","4,7",19:00,89,94,18:10,79,00:00
2024-01-05,0201D,"BARCELONA, PORT OLÍMPIC",BARCELONA,26,"11,2","8,4","8,9",21:50,"13,5",13:50,30,"2,2","6,9",23:30,89,94,Varias,78,13:30
2024-01-06,0201D,"BARCELONA, PORT OLÍMPIC",BARCELONA,26,"11,2","0,0","7,3",07:30,"15,2",13:50,34,"2,5","11,1",23:10,49,88,00:00,33,17:30
2024-01-07,0201D,"BARCELONA, PORT OLÍMPIC",BARCELONA,26,"10,9","0,0","7,3",05:00,"14,5",14:10,33,"4,7","12,5",02:00,37,55,02:50,24,Varias
2024-01-08,0201D,"BARCELONA, PORT OLÍMPIC",BARCELONA,26,"8,8","0,0","4,7",08:00,"12,8",13:50,36,"2,2","10,8",00:20,42,64,Varias,30,00:00
2024-01-09,0201D,"BARCELONA, PORT OLÍMPIC",BARCELONA,26,"7,5","0,0","3,9",06:50,"11,1",12:40,08,"4,2","6,4",12:50,79,89,Varias,59,Varias
2024-01-10,0201D,"BARCELONA, PORT OLÍMPIC",BARCELONA,26,"8,5","4,6","6,9",23:59,"10,1",13:50,01,"2,2","5,3",02:40,87,95,18:00,78,06:30
2024-01-11,0201D,"BARCELONA, PORT OLÍMPIC",BARCELONA,26,"9,8","0,2","6,3",01:30,"13,3",13:20,99,"1,7","6,7",Varias,76,95,01:40,59,13:10
2024-01-12,0201D,"BARCELONA, PORT OLÍMPIC",BARCELONA,26,"9,8","0,0","6,2",07:50,"13,5",13:50,99,"1,9","6,9",Varias,66,83,07:30,51,13:20
2024-01-13,0201D,"BARCELONA, PORT OLÍMPIC",BARCELONA,26,"8,6","0,0","4,2",07:20,"12,9",13:30,28,"2,2","6,4",01:40,70,86,07:20,56,12:50
2024-01-14,0201D,"BARCELONA, PORT OLÍMPIC",BARCELONA,26,"13,7","0,0","10,1",01:00,"17,3",12:10,28,"3,9","9,4",06:20,55,74,23:59,47,12:00
2024-01-15,0201D,"BARCELONA, PORT OLÍMPIC",BARCELONA,26,"13,6","0,0","9,9",07:20,"17,3",16:40,30,"2,2","10,3",09:40,76,93,Varias,69,13:10
2024-01-16,0201D,"BARCELONA, PORT OLÍMPIC",BARCELONA,26,"14,6","0,0","12,0",04:50,"17,3",11:20,21,"1,9","6,1",11:40,91,94,Varias,77,11:10
2024-01-17,0201D,"BARCELONA, PORT OLÍMPIC",BARCELONA,26,"15,4","0,0","12,5",07:20,"18,4",15:00,26,"3,1","15,0",14:20,76,94,00:00,53,17:50
2024-01-18,0201D,"BARCELONA, PORT OLÍMPIC",BARCELONA,26,"17,5","0,2","14,1",20:20,"20,9",14:40,26,"3,6","16,7",14:50,60,91,20:20,43,Varias
2024-01-19,0201D,"BARCELONA, PORT OLÍMPIC",BARCELONA,26,"11,8","6,5","6,8",20:50,"16,7",00:30,09,"5,8","14,7",23:00,90,94,Varias,43,23:59
2024-01-20,0201D,"BARCELONA, PORT OLÍMPIC",BARCELONA,26,"9,4","0,1","5,7",07:40,"13,0",14:50,09,"3,3","11,4",00:10,72,92,03:30,41,00:10
2024-01-21,0201D,"BARCELONA, PORT OLÍMPIC",BARCELONA,26,"10,5","0,0","6,3",06:50,"14,7",14:40,99,"2,5","6,1",Varias,81,88,06:50,59,15:10
2024-01-22,0201D,"BARCELONA, PORT OLÍMPIC",BARCELONA,26,"11,8","0,0","7,9",07:00,"15,7",14:00,29,"2,5","7,8",15:20,66,86,Varias,54,11:40
2024-01-23,0201D,"BARCELONA, PORT OLÍMPIC",BARCELONA,26,"12,3","0,0","8,5",05:00,"16,1",12:30,33,"1,7","5,8",05:20,86,93,Varias,73,00:00
2024-01-24,0201D,"BARCELONA, PORT OLÍMPIC",BARCELONA,26,"13,2","0,0","9,4",07:20,"17,0",14:20,02,"0,8","5,0",08:40,88,94,Varias,72,10:00
2024-01-25,0201D,"BARCELONA, PORT OLÍMPIC",BARCELONA,26,"12,9","0,0","8,6",06:50,"17,2",18:30,22,"2,8","5,8",14:20,85,93,Varias,70,10:30
2024-01-26,0201D,"BARCELONA, PORT OLÍMPIC",BARCELONA,26,"15,3","0,0","11,1",03:10,"19,5",12:00,99,"2,2","5,6",04:50,76,93,Varias,56,Varias
2024-01-27,0201D,"BARCELONA, PORT OLÍMPIC",BARCELONA,26,"13,2","0,0","9,7",07:40,"16,8",13:00,35,"1,9","4,2",07:20,86,93,Varias,65,10:00
2024-01-28,0201D,"BARCELONA, PORT OLÍMPIC",BARCELONA,26,"12,2","0,0","9,4",05:00,"15,1",14:00,08,"2,5","4,4",17:00,91,93,Varias,86,Varias
2024-01-29,0201D,"BARCELONA, PORT OLÍMPIC",BARCELONA,26,"13,4","0,0","11,9",04:00,"14,9",13:00,10,"2,2","5,0",18:40,87,94,20:40,77,13:50
2024-01-30,0201D,"BARCELONA, PORT OLÍMPIC",BARCELONA,26,"13,6","0,0","11,0",07:00,"16,3",12:20,35,"2,5","3,6",07:40,83,92,00:00,76,14:40
2024-01-31,0201D,"BARCELONA, PORT OLÍMPIC",BARCELONA,26,"12,4","0,0","9,5",07:20,"15,3",12:00,21,"3,6","7,8",12:40,85,89,Varias,70,12:00
2024-02-01,0201D,"BARCELONA, PORT OLÍMPIC",BARCELONA,26,"12,8","0,0","8,5",07:20,"17,0",12:20,21,"3,1","7,2",13:10,85,88,Varias,64,19:30
2024-02-02,0201D,"BARCELONA, PORT OLÍMPIC",BARCELONA,26,"13,8","0,0","10,1",04:20,"17,6",12:30,21,"2,5","6,4",14:00,77,93,21:50,55,12:30
2024-02-03,0201D,"BARCELONA, PORT OLÍMPIC",BARCELONA,26,"13,4","0,0","8,5",07:10,"18,2",14:30,23,"3,3","7,2",13:20,82,88,07:00,59,14:30
2024-02-04,0201D,"BARCELONA, PORT OLÍMPIC",BARCELONA,26,"13,6","0,0","9,2",07:00,"17,9",14:20,26,"2,8","6,1",16:20,76,87,21:10,61,10:20
2024-02-05,0201D,"BARCELONA, PORT OLÍMPIC",BARCELONA,26,"13,6","0,0","9,2",06:00,"17,9",13:10,21,"2,5","6,9",12:00,75,92,23:30,56,13:10
2024-02-06,0201D,"BARCELONA, PORT OLÍMPIC",BARCELONA,26,"12,7","0,0","9,7",03:00,"15,7",13:40,01,"2,5","5,0",05:40,88,93,Varias,75,02:00
2024-02-07,0201D,"BARCELONA, PORT OLÍMPIC",BARCELONA,26,"13,2","0,0","8,6",05:30,"17,8",16:40,27,"3,9","11,7",21:30,73,93,Varias,46,17:20
2024-02-08,0201D,"BARCELONA, PORT OLÍMPIC",BARCELONA,26,"15,2","0,4","11,4",05:50,"19,1",13:20,24,"3,9","12,8",13:20,70,93,Varias,49,13:20
2024-02-09,0201D,"BARCELONA, PORT OLÍMPIC",BARCELONA,26,"14,2","6,0","11,9",08:40,"16,6",01:00,26,"3,6","13,9",11:40,89,95,Varias,49,01:10
2024-02-10,0201D,"BARCELONA, PORT OLÍMPIC",BARCELONA,26,"12,8","0,1","9,9",23:59,"15,8",16:00,34,"4,4","11,4",16:00,79,95,00:00,47,16:40
2024-02-11,0201D,"BARCELONA, PORT OLÍMPIC",BARCELONA,26,"12,6","0,0","9,3",07:20,"16,0",14:00,32,"5,8","17,2",06:40,48,56,Varias,41,13:40
2024-02-12,0201D,"BARCELONA, PORT OLÍMPIC",BARCELONA,26,"15,0","0,0","10,1",05:10,"20,0",15:10,31,"4,4","14,2",13:10,64,92,21:20,41,14:40
2024-02-13,0201D,"BARCELONA, PORT OLÍMPIC",BARCELONA,26,"13,2","0,0","10,7",04:00,"15,8",10:30,27,"2,8","6,4",19:20,80,91,Varias,68,09:30
2024-02-14,0201D,"BARCELONA, PORT OLÍMPIC",BARCELONA,26,"13,7","0,0","9,8",04:40,"17,6",11:20,21,"3,1","6,4",13:10,86,94,Varias,64,11:00
2024-02-15,0201D,"BARCELONA, PORT OLÍMPIC",BARCELONA,26,"14,7","0,0","11,6",05:50,"17,8",12:10,26,"1,7","5,8",02:00,91,95,Varias,77,11:50
2024-02-16,0201D,"BARCELONA, PORT OLÍMPIC",BARCELONA,26,"14,0","2,0","12,3",03:20,"15,7",10:50,08,"1,7","7,8",09:10,90,93,Varias,74,10:40
2024-02-17,0201D,"BARCELONA, PORT OLÍMPIC",BARCELONA,26,"15,5","0,0","12,7",Varias,"18,3",11:50,35,"2,2","6,9",11:00,80,92,17:40,55,11:30
2024-02-18,0201D,"BARCELONA, PORT OLÍMPIC",BARCELONA,26,"13,8","0,0","10,2",06:50,"17,3",11:20,21,"3,1","7,8",12:00,81,89,13:10,52,20:30
2024-02-19,0201D,"BARCELONA, PORT OLÍMPIC",BARCELONA,26,"14,3","0,0","12,1",23:00,"16,5",11:10,21,"1,7","5,8",14:40,80,92,Varias,62,00:00
2024-02-20,0201D,"BARCELONA, PORT OLÍMPIC",BARCELONA,26,"13,8","0,0","10,7",03:00,"16,9",11:20,22,"3,6","8,6",12:00,82,91,22:30,70,Varias
2024-02-21,0201D,"BARCELONA, PORT OLÍMPIC",BARCELONA,26,"13,2","0,0","10,1",06:50,"16,2",12:20,23,"2,8","11,1",12:10,83,91,Varias,64,13:20
2024-02-22,0201D,"BARCELONA, PORT OLÍMPIC",BARCELONA,26,"14,6","12,6","12,2",06:40,"17,0",11:10,21,"4,4","10,8",14:10,90,94,14:00,79,11:10
2024-02-23,0201D,"BARCELONA, PORT OLÍMPIC",BARCELONA,26,"12,0","0,1","8,7",07:10,"15,4",15:00,28,"5,8","14,7",13:50,55,95,Varias,32,Varias
2024-02-24,0201D,"BARCELONA, PORT OLÍMPIC",BARCELONA,26,"11,4","0,2","7,8",23:59,"14,9",12:50,11,"3,9","16,9",14:50,66,88,18:30,43,14:30
2024-02-25,0201D,"BARCELONA, PORT OLÍMPIC",BARCELONA,26,"11,0","0,0","7,5",03:30,"14,6",11:40,26,"3,6","12,5",11:50,70,91,Varias,53,07:50
2024-02-26,0201D,"BARCELONA, PORT OLÍMPIC",BARCELONA,26,"14,0","0,0","10,2",23:59,"17,7",12:10,10,"3,1","8,1",20:50,87,92,07:00,48,12:00
2024-02-27,0201D,"BARCELONA, PORT OLÍMPIC",BARCELONA,26,"12,4","0,0","8,6",08:00,"16,3",14:50,08,"3,3","10,3",16:30,75,91,21:40,53,14:50
2024-02-28,0201D,"BARCELONA, PORT OLÍMPIC",BARCELONA,26,"14,1","0,0","11,0",23:30,"17,2",12:40,99,"2,8","7,5",Varias,48,88,00:30,39,12:30
2024-02-29,0201D,"BARCELONA, PORT OLÍMPIC",BARCELONA,26,"12,6","0,9","9,6",02:00,"15,5",14:30,23,"3,9","8,1",18:20,68,93,23:20,47,08:40
2024-03-01,0201D,"BARCELONA, PORT OLÍMPIC",BARCELONA,26,"13,9","0,0","9,4",06:30,"18,4",15:00,29,"1,7","9,2",05:40,48,93,00:00,31,14:40
2024-03-02,0201D,"BARCELONA, PORT OLÍMPIC",BARCELONA,26,"13,4","3,2","10,7",06:00,"16,2",10:00,24,"4,7","14,2",21:30,73,91,23:20,53,15:10
2024-03-03,0201D,"BARCELONA, PORT OLÍMPIC",BARCELONA,26,"10,1","7,4","5,2",07:50,"15,0",15:00,30,"6,7","16,7",16:00,65,95,07:40,36,23:59
2024-03-04,0201D,"BARCELONA, PORT OLÍMPIC",BARCELONA,26,"12,0","0,0","7,8",05:50,"16,1",11:50,36,"3,3","12,5",00:10,56,81,Varias,32,11:40
2024-03-05,0201D,"BARCELONA, PORT OLÍMPIC",BARCELONA,26,"13,2","0,0","9,4",06:40,"17,1",11:20,09,"3,9","8,9",17:20,78,89,Varias,47,11:10
2024-03-06,0201D,"BARCELONA, PORT OLÍMPIC",BARCELONA,26,"12,2","0,0","8,6",06:00,"15,7",10:50,35,"2,8","6,4",05:00,81,91,Varias,62,16:40
2024-03-07,0201D,"BARCELONA, PORT OLÍMPIC",BARCELONA,26,"12,1","1,3","8,5",06:20,"15,7",11:50,11,"3,3","6,7",23:59,88,92,Varias,78,11:00
2024-03-08,0201D,"BARCELONA, PORT OLÍMPIC",BARCELONA,26,"13,4","4,0","11,4",22:50,"15,5",10:40,24,"6,9","13,1",15:00,80,95,Varias,50,16:50
2024-03-09,0201D,"BARCELONA, PORT OLÍMPIC",BARCELONA,26,"11,8","18,9","10,2",21:50,"13,5",11:00,22,"6,4","16,4",12:30,88,94,Varias,72,03:50
2024-03-10,0201D,"BARCELONA, PORT OLÍMPIC",BARCELONA,26,"12,1","0,3","8,1",06:00,"16,1",14:10,27,"4,2","10,6",15:40,67,90,00:00,50,14:10
2024-03-11,0201D,"BARCELONA, PORT OLÍMPIC",BARCELONA,26,"14,0","0,0","9,5",06:00,"18,5",14:50,08,"1,9","15,0",16:00,73,89,18:40,43,15:20
2024-03-12,0201D,"BARCELONA, PORT OLÍMPIC",BARCELONA,26,"12,4","0,0","8,5",06:00,"16,3",12:20,33,"3,3","10,6",04:30,76,88,18:10,64,03:30
2024-03-13,0201D,"BARCELONA, PORT OLÍMPIC",BARCELONA,26,"12,4","0,0","8,5",06:20,"16,4",10:30,23,"3,6","10,6",15:20,80,90,06:10,62,10:10
2024-03-14,0201D,"BARCELONA, PORT OLÍMPIC",BARCELONA,26,"12,9","0,0","9,4",06:20,"16,4",13:00,22,"3,6","12,5",14:00,84,92,Varias,75,12:10
2024-03-15,0201D,"BARCELONA, PORT OLÍMPIC",BARCELONA,26,"15,0","0,0","12,4",06:40,"17,6",14:20,09,"2,2","5,6",10:00,91,94,19:00,85,14:20
2024-03-16,0201D,"BARCELONA, PORT OLÍMPIC",BARCELONA,26,"15,2","0,0","12,5",06:10,"17,9",13:20,24,"2,5","6,7",17:50,84,93,20:50,79,Varias
2024-03-17,0201D,"BARCELONA, PORT OLÍMPIC",BARCELONA,26,"15,0","0,0","12,7",Varias,"17,3",09:30,21,"3,3","8,6",11:00,92,94,Varias,86,08:00
2024-03-18,0201D,"BARCELONA, PORT OLÍMPIC",BARCELONA,26,"14,7","0,0","11,4",06:00,"18,0",15:40,08,"1,9","5,6",07:20,82,95,Varias,66,Varias
2024-03-19,0201D,"BARCELONA, PORT OLÍMPIC",BARCELONA,26,"15,8","0,0","13,4",04:50,"18,2",15:40,21,"2,5","6,1",13:10,82,92,18:40,70,09:20
2024-03-20,0201D,"BARCELONA, PORT OLÍMPIC",BARCELONA,26,"14,6","0,0","12,8",06:00,"16,3",12:10,08,"3,9","8,3",20:30,90,93,Varias,81,05:00
2024-03-21,0201D,"BARCELONA, PORT OLÍMPIC",BARCELONA,26,"15,2","0,0","12,8",07:00,"17,6",15:00,07,"1,9","6,9",04:50,88,93,04:40,82,12:40
2024-03-22,0201D,"BARCELONA, PORT OLÍMPIC",BARCELONA,26,"17,5","0,0","13,6",03:00,"21,4",12:00,08,"2,2","5,3",14:20,76,91,Varias,58,12:00
2024-03-23,0201D,"BARCELONA, PORT OLÍMPIC",BARCELONA,26,"16,6","0,0","13,7",23:40,"19,5",12:00,21,"3,3","8,6",16:00,85,92,23:30,67,01:10
2024-03-24,0201D,"BARCELONA, PORT OLÍMPIC",BARCELONA,26,"14,1","0,1","13,1",08:50,"15,1",11:20,12,"3,6","9,2",08:20,88,93,Varias,80,14:10
2024-03-25,0201D,"BARCELONA, PORT OLÍMPIC",BARCELONA,26,"12,6","19,8","11,3",23:40,"14,0",10:00,22,"1,4","7,8",01:20,89,95,Varias,77,14:00
2024-03-26,0201D,"BARCELONA, PORT OLÍMPIC",BARCELONA,26,"13,4","0,2","9,9",23:59,"16,9",13:30,29,"3,6","10,8",14:40,80,95,Varias,50,15:00
2024-03-27,0201D,"BARCELONA, PORT OLÍMPIC",BARCELONA,26,"12,5","0,0","9,0",06:00,"16,0",15:30,27,"4,4","13,3",13:30,64,89,20:50,42,11:50
2024-03-28,0201D,"BARCELONA, PORT OLÍMPIC",BARCELONA,26,"17,6","0,0","14,5",23:59,"20,6",12:20,24,"5,8","13,6",14:40,63,93,21:50,44,12:00
2024-03-29,0201D,"BARCELONA, PORT OLÍMPIC",BARCELONA,26,"15,8","0,0","14,0",21:40,"17,6",10:00,23,"4,2","10,3",12:10,90,93,Varias,84,10:10
2024-03-30,0201D,"BARCELONA, PORT OLÍMPIC",BARCELONA,26,"14,4","2,8","12,5",06:20,"16,3",09:40,24,"4,4","15,0",23:50,77,93,22:40,54,11:30
2024-03-31,0201D,"BARCELONA, PORT OLÍMPIC",BARCELONA,26,"13,8","19,1","10,9",21:00,"16,6",11:10,23,"1,9","16,4",00:20,86,94,Varias,56,11:10
2024-04-01,0201D,"BARCELONA, PORT OLÍMPIC",BARCELONA,26,"14,6","0,0","10,1",05:40,"19,1",14:50,26,"3,9","15,0",17:20,53,77,01:30,35,14:50
2024-04-02,0201D,"BARCELONA, PORT OLÍMPIC",BARCELONA,26,"14,6","0,0","12,2",05:40,"17,1",11:40,32,"2,5","11,7",04:20,63,82,15:00,50,08:00
2024-04-03,0201D,"BARCELONA, PORT OLÍMPIC",BARCELONA,26,"16,7","0,0","12,7",05:40,"20,7",09:50,30,"2,2","8,9",07:40,69,93,Varias,43,09:40
2024-04-04,0201D,"BARCELONA, PORT OLÍMPIC",BARCELONA,26,"14,8","0,0","11,7",05:40,"17,9",09:10,99,"3,3","8,1",Varias,88,93,Varias,71,08:50
2024-04-05,0201D,"BARCELONA, PORT OLÍMPIC",BARCELONA,26,"16,0","0,0","14,0",03:30,"18,0",09:00,21,"2,2","6,4",10:20,86,93,Varias,65,22:00
2024-04-06,0201D,"BARCELONA, PORT OLÍMPIC",BARCELONA,26,"14,8","0,0","12,5",05:40,"17,0",12:30,08,"3,6","8,1",09:30,92,95,Varias,70,00:00
2024-04-07,0201D,"BARCELONA, PORT OLÍMPIC",BARCELONA,26,"16,2","0,0","14,8",23:59,"17,7",12:10,09,"5,3","11,1",09:10,89,94,Varias,85,03:40
2024-04-08,0201D,"BARCELONA, PORT OLÍMPIC",BARCELONA,26,"16,7","0,0","13,5",04:10,"19,9",22:50,26,"2,8","10,0",19:10,91,94,Varias,44,23:40
2024-04-09,0201D,"BARCELONA, PORT OLÍMPIC",BARCELONA,26,"15,8","0,0","12,1",23:59,"19,5",00:10,32,"4,2","11,7",05:30,69,88,Varias,44,00:00
2024-04-10,0201D,"BARCELONA, PORT OLÍMPIC",BARCELONA,26,"13,0","0,0","9,6",05:20,"16,5",09:50,11,"3,1","7,2",11:00,61,88,Varias,43,09:40
2024-04-11,0201D,"BARCELONA, PORT OLÍMPIC",BARCELONA,26,"14,2","0,0","10,4",05:00,"18,1",09:10,21,"3,3","7,5",16:20,69,88,21:20,53,08:50
2024-04-12,0201D,"BARCELONA, PORT OLÍMPIC",BARCELONA,26,"16,8","0,0","13,2",05:00,"20,4",08:30,99,"2,8","5,6",Varias,78,92,21:00,56,08:10
2024-04-13,0201D,"BARCELONA, PORT OLÍMPIC",BARCELONA,26,"19,8","0,0","14,4",05:00,"25,3",10:10,04,"1,7","4,7",06:20,62,88,23:20,37,10:20
2024-04-14,0201D,"BARCELONA, PORT OLÍMPIC",BARCELONA,26,"20,6","0,0","14,6",05:40,"26,7",15:00,22,"3,1","10,8",15:30,52,85,Varias,35,15:00
2024-04-15,0201D,"BARCELONA, PORT OLÍMPIC",BARCELONA,26,"18,2","0,0","14,8",03:20,"21,7",11:00,20,"2,2","5,8",12:20,78,93,Varias,51,10:40
2024-04-16,0201D,"BARCELONA, PORT OLÍMPIC",BARCELONA,26,"16,3","0,8","14,2",06:00,"18,4",09:10,12,"5,0","9,4",18:20,68,93,Varias,50,08:10
2024-04-17,0201D,"BARCELONA, PORT OLÍMPIC",BARCELONA,26,"13,8","0,3","12,1",06:00,"15,6",09:20,21,"5,0","9,7",13:40,78,92,Varias,52,Varias
2024-04-18,0201D,"BARCELONA, PORT OLÍMPIC",BARCELONA,26,"13,9","0,0","11,6",04:30,"16,2",11:20,13,"4,7","12,2",14:00,77,94,Varias,64,07:50
2024-04-19,0201D,"BARCELONA, PORT OLÍMPIC",BARCELONA,26,"13,6","0,0","9,7",03:50,"17,6",14:10,24,"5,3","14,7",15:00,61,89,03:50,43,08:10
2024-04-20,0201D,"BARCELONA, PORT OLÍMPIC",BARCELONA,26,"14,7","0,0","11,2",05:00,"18,2",11:30,08,"2,8","5,6",10:10,79,92,Varias,62,07:40
2024-04-21,0201D,"BARCELONA, PORT OLÍMPIC",BARCELONA,26,"14,0","3,3","12,2",06:00,"15,9",11:40,20,"3,3","8,3",12:50,72,92,00:00,61,Varias
2024-04-22,0201D,"BARCELONA, PORT OLÍMPIC",BARCELONA,26,"11,6","21,4","7,9",18:10,"15,4",13:10,10,"2,2","12,8",00:40,83,93,Varias,64,12:40
2024-04-23,0201D,"BARCELONA, PORT OLÍMPIC",BARCELONA,26,"11,1","0,0","8,4",03:00,"13,8",14:50,11,"3,1","11,1",15:50,70,92,Varias,51,14:40
2024-04-24,0201D,"BARCELONA, PORT OLÍMPIC",BARCELONA,26,"11,3","0,0","7,2",04:00,"15,4",11:20,20,"4,4","11,7",16:10,52,85,03:50,39,08:40
2024-04-25,0201D,"BARCELONA, PORT OLÍMPIC",BARCELONA,26,"13,5","0,8","11,9",05:30,"15,1",14:30,08,"5,3","10,6",04:00,85,92,23:40,76,14:20
2024-04-26,0201D,"BARCELONA, PORT OLÍMPIC",BARCELONA,26,"14,1","0,0","11,1",05:10,"17,1",12:50,20,"2,5","6,7",10:20,84,93,Varias,72,12:50
2024-04-27,0201D,"BARCELONA, PORT OLÍMPIC",BARCELONA,26,"16,3","1,7","14,8",04:30,"17,8",10:30,11,"3,9","8,9",04:30,93,94,Varias,89,Varias
2024-04-28,0201D,"BARCELONA, PORT OLÍMPIC",BARCELONA,26,"15,2","13,4","13,7",22:00,"16,6",13:40,22,"4,4","8,6",05:50,91,94,Varias,86,13:30
2024-04-29,0201D,"BARCELONA, PORT OLÍMPIC",BARCELONA,26,"13,8","38,8","12,7",04:50,"15,0",20:50,10,"8,3","19,2",16:10,92,94,Varias,89,Varias
2024-04-30,0201D,"BARCELONA, PORT OLÍMPIC",BARCELONA,26,"15,0","0,0","13,5",05:20,"16,4",14:00,08,"2,2","11,7",00:10,92,93,Varias,91,Varias
2024-05-01,0201D,"BARCELONA, PORT OLÍMPIC",BARCELONA,26,"17,2","0,0","13,1",05:50,"21,4",13:20,28,"3,1","10,3",16:10,59,93,Varias,36,Varias
2024-05-02,0201D,"BARCELONA, PORT OLÍMPIC",BARCELONA,26,"15,8","0,0","10,1",05:20,"21,6",15:30,22,"5,6","15,0",13:30,60,82,17:10,28,15:40
2024-05-03,0201D,"BARCELONA, PORT OLÍMPIC",BARCELONA,26,"15,1","0,0","10,0",05:00,"20,2",15:50,24,"4,7","13,6",16:00,61,82,Varias,36,15:50
2024-05-04,0201D,"BARCELONA, PORT OLÍMPIC",BARCELONA,26,"17,3","0,0","12,8",05:00,"21,8",15:40,26,"5,0","13,6",17:00,69,92,08:50,38,18:10
2024-05-05,0201D,"BARCELONA, PORT OLÍMPIC",BARCELONA,26,"16,8","0,0","14,6",05:00,"19,0",15:40,07,"2,2","6,7",07:30,91,93,Varias,63,Varias
2024-05-06,0201D,"BARCELONA, PORT OLÍMPIC",BARCELONA,26,"17,5","0,0","15,6",04:00,"19,4",11:30,11,"3,1","8,1",14:10,82,93,Varias,73,07:10
2024-05-07,0201D,"BARCELONA, PORT OLÍMPIC",BARCELONA,26,"16,5","0,0","14,0",20:40,"19,0",09:00,08,"5,0","10,3",17:50,72,92,03:10,52,08:40
2024-05-08,0201D,"BARCELONA, PORT OLÍMPIC",BARCELONA,26,"17,1","0,0","13,3",04:00,"20,9",14:10,22,"3,6","10,3",14:10,58,88,00:50,43,14:10
2024-05-09,0201D,"BARCELONA, PORT OLÍMPIC",BARCELONA,26,"18,1","0,0","14,8",04:50,"21,4",08:40,20,"3,6","6,9",13:30,71,90,16:30,47,Varias
2024-05-10,0201D,"BARCELONA, PORT OLÍMPIC",BARCELONA,26,"17,8","0,0","14,3",04:40,"21,2",08:30,21,"3,9","8,6",14:30,63,84,00:00,56,18:00
2024-05-11,0201D,"BARCELONA, PORT OLÍMPIC",BARCELONA,26,"17,5","0,0","15,0",03:40,"20,0",08:10,20,"3,6","7,8",11:20,76,93,Varias,61,08:20
2024-05-12,0201D,"BARCELONA, PORT OLÍMPIC",BARCELONA,26,"18,6","0,0","15,5",04:00,"21,8",11:50,19,"1,9","5,6",13:30,80,93,Varias,73,06:30
2024-05-13,0201D,"BARCELONA, PORT OLÍMPIC",BARCELONA,26,"19,2","0,1","16,2",04:40,"22,1",14:30,03,"2,2","4,4",05:10,87,93,Varias,83,Varias
2024-05-14,0201D,"BARCELONA, PORT OLÍMPIC",BARCELONA,26,"18,2","10,4","16,0",18:40,"20,3",14:40,10,"4,4","10,6",15:20,93,94,Varias,81,14:30
2024-05-15,0201D,"BARCELONA, PORT OLÍMPIC",BARCELONA,26,"16,2","0,7","14,2",06:40,"18,2",10:40,21,"3,1","8,1",13:10,86,91,Varias,78,05:40
2024-05-16,0201D,"BARCELONA, PORT OLÍMPIC",BARCELONA,26,"16,8","1,1","13,9",04:40,"19,8",14:50,20,"1,9","6,4",10:30,85,92,10:50,66,14:00
2024-05-17,0201D,"BARCELONA, PORT OLÍMPIC",BARCELONA,26,"17,8","1,0","14,5",03:50,"21,0",14:40,09,"4,2","7,2",05:40,88,93,Varias,83,07:30
2024-05-18,0201D,"BARCELONA, PORT OLÍMPIC",BARCELONA,26,"17,0","1,5","14,4",05:50,"19,5",15:10,10,"4,4","7,5",12:40,88,93,Varias,82,12:30
2024-05-19,0201D,"BARCELONA, PORT OLÍMPIC",BARCELONA,26,"17,6","0,2","14,8",03:50,"20,3",11:50,08,"3,6","6,4",07:20,89,93,Varias,85,10:50
2024-05-20,0201D,"BARCELONA, PORT OLÍMPIC",BARCELONA,26,"19,6","0,0","15,7",05:00,"23,6",10:50,21,"4,7","10,0",13:00,77,93,Varias,51,10:40
2024-05-21,0201D,"BARCELONA, PORT OLÍMPIC",BARCELONA,26,"19,0","0,0","15,4",03:50,"22,5",17:40,22,"5,0","11,1",16:30,73,92,Varias,57,06:40
2024-05-22,0201D,"BARCELONA, PORT OLÍMPIC",BARCELONA,26,"18,4","0,1","16,7",Varias,"20,2",15:00,17,"4,2","8,6",13:00,85,90,Varias,69,19:50
2024-05-23,0201D,"BARCELONA, PORT OLÍMPIC",BARCELONA,26,"18,4","0,0","15,4",04:50,"21,4",10:50,10,"4,2","7,5",07:40,78,89,Varias,70,12:20
2024-05-24,0201D,"BARCELONA, PORT OLÍMPIC",BARCELONA,26,"18,4","0,0","16,3",23:59,"20,4",12:40,11,"4,7","8,3",14:00,79,91,Varias,66,08:00
2024-05-25,0201D,"BARCELONA, PORT OLÍMPIC",BARCELONA,26,"18,6","0,0","15,4",05:00,"21,7",08:30,21,"3,6","7,2",14:40,82,91,19:40,64,09:00
2024-05-26,0201D,"BARCELONA, PORT OLÍMPIC",BARCELONA,26,"19,0","0,0","15,9",05:00,"22,2",14:50,20,"1,9","6,1",10:50,87,93,Varias,83,Varias
2024-05-27,0201D,"BARCELONA, PORT OLÍMPIC",BARCELONA,26,"20,2","0,0","18,3",23:20,"22,0",13:00,09,"5,3","8,3",15:50,87,93,Varias,83,Varias
2024-05-28,0201D,"BARCELONA, PORT OLÍMPIC",BARCELONA,26,"20,2","0,0","18,1",03:00,"22,2",08:10,21,"4,4","10,3",14:50,83,91,04:50,79,08:20
2024-05-29,0201D,"BARCELONA, PORT OLÍMPIC",BARCELONA,26,"19,8","0,0","17,9",05:00,"21,8",16:00,21,"4,7","8,9",12:30,90,93,Varias,82,07:50
2024-05-30,0201D,"BARCELONA, PORT OLÍMPIC",BARCELONA,26,"21,2","0,0","18,3",23:40,"24,1",08:10,09,"5,0","11,4",18:40,88,93,Varias,70,08:10
2024-05-31,0201D,"BARCELONA, PORT OLÍMPIC",BARCELONA,26,"21,0","0,4","18,4",00:40,"23,6",09:30,23,"6,1","12,5",12:40,67,91,00:00,52,07:50
2024-06-01,0201D,"BARCELONA, PORT OLÍMPIC",BARCELONA,26,"18,5","3,9","16,1",23:20,"20,9",08:50,11,"5,0","10,0",17:30,77,93,Varias,67,Varias
2024-06-02,0201D,"BARCELONA, PORT OLÍMPIC",BARCELONA,26,"19,9","0,0","16,4",00:40,"23,4",09:20,99,"4,4","8,1",Varias,75,91,00:00,62,09:10
2024-06-03,0201D,"BARCELONA, PORT OLÍMPIC",BARCELONA,26,"21,1","0,0","18,5",02:40,"23,7",14:30,22,"5,6","12,8",14:20,72,90,09:30,48,20:40
2024-06-04,0201D,"BARCELONA, PORT OLÍMPIC",BARCELONA,26,"21,3","0,0","19,4",00:10,"23,2",15:30,21,"5,8","11,1",12:20,87,93,Varias,63,00:50
2024-06-05,0201D,"BARCELONA, PORT OLÍMPIC",BARCELONA,26,"21,2","0,0","19,2",03:30,"23,3",15:10,21,"5,3","10,6",12:10,81,93,Varias,66,17:50
2024-06-06,0201D,"BARCELONA, PORT OLÍMPIC",BARCELONA,26,"23,0","0,0","19,0",02:30,"26,9",09:20,20,"3,3","10,6",14:30,61,92,00:00,42,18:00
2024-06-07,0201D,"BARCELONA, PORT OLÍMPIC",BARCELONA,26,"22,8","0,0","19,3",03:10,"26,4",07:40,08,"3,9","8,3",15:10,80,93,17:50,52,05:50
2024-06-08,0201D,"BARCELONA, PORT OLÍMPIC",BARCELONA,26,"22,6","0,0","20,6",23:20,"24,7",07:00,10,"6,4","14,4",08:50,78,92,Varias,47,03:50
2024-06-09,0201D,"BARCELONA, PORT OLÍMPIC",BARCELONA,26,"22,3","2,4","20,4",03:40,"24,2",09:00,22,"3,3","9,4",16:00,86,93,23:00,72,15:30
2024-06-10,0201D,"BARCELONA, PORT OLÍMPIC",BARCELONA,26,"19,2","44,9","17,2",08:00,"21,2",00:40,09,"1,1","6,4",06:20,87,94,Varias,71,23:59
2024-06-11,0201D,"BARCELONA, PORT OLÍMPIC",BARCELONA,26,"18,8","55,9","15,4",23:20,"22,1",09:30,33,"2,2","6,1",07:30,89,94,Varias,71,00:00
2024-06-12,0201D,"BARCELONA, PORT OLÍMPIC",BARCELONA,26,"18,1","21,1","14,5",18:20,"21,7",10:30,11,"5,3","11,4",17:30,87,94,18:10,68,16:40
2024-06-13,0201D,"BARCELONA, PORT OLÍMPIC",BARCELONA,26,"18,5","0,0","14,6",01:40,"22,4",15:00,23,"5,8","12,8",15:20,75,92,Varias,52,11:00
2024-06-14,0201D,"BARCELONA, PORT OLÍMPIC",BARCELONA,26,"21,8","0,0","18,8",03:10,"24,9",16:40,24,"4,4","10,8",16:10,86,93,Varias,66,16:10
2024-06-15,0201D,"BARCELONA, PORT OLÍMPIC",BARCELONA,26,"20,5","0,0","18,5",05:00,"22,5",09:50,09,"6,7","12,2",06:20,78,93,Varias,63,14:00
2024-06-16,0201D,"BARCELONA, PORT OLÍMPIC",BARCELONA,26,"21,2","0,0","18,4",04:30,"24,1",13:30,20,"2,2","5,3",11:20,73,91,Varias,61,13:20
2024-06-17,0201D,"BARCELONA, PORT OLÍMPIC",BARCELONA,26,"21,4","0,0","18,5",04:50,"24,2",11:20,99,"2,8","7,2",Varias,86,93,Varias,79,07:00
2024-06-18,0201D,"BARCELONA, PORT OLÍMPIC",BARCELONA,26,"22,0","0,0","19,6",04:40,"24,3",13:00,09,"4,4","9,7",09:50,89,93,Varias,75,09:20
2024-06-19,0201D,"BARCELONA, PORT OLÍMPIC",BARCELONA,26,"22,6","7,3","20,7",04:50,"24,5",09:50,09,"4,4","9,2",17:40,91,93,Varias,86,08:40
2024-06-20,0201D,"BARCELONA, PORT OLÍMPIC",BARCELONA,26,"21,2","1,2","19,5",03:50,"22,9",12:50,11,"3,6","12,2",04:10,87,94,Varias,83,07:50
2024-06-21,0201D,"BARCELONA, PORT OLÍMPIC",BARCELONA,26,"22,4","0,0","19,1",03:50,"25,7",10:00,21,"4,2","9,7",10:50,74,91,00:00,51,09:50
2024-06-22,0201D,"BARCELONA, PORT OLÍMPIC",BARCELONA,26,"22,6","1,8","19,6",04:50,"25,7",12:50,10,"4,7","10,3",18:30,86,93,Varias,80,07:20
2024-06-23,0201D,"BARCELONA, PORT OLÍMPIC",BARCELONA,26,"19,4","0,8","17,2",08:00,"21,5",16:00,99,"3,6","7,8",Varias,89,94,07:40,83,Varias
2024-06-24,0201D,"BARCELONA, PORT OLÍMPIC",BARCELONA,26,"22,8","0,0","20,7",Varias,"24,9",12:50,22,"4,4","10,0",16:30,72,87,00:00,59,12:20
2024-06-25,0201D,"BARCELONA, PORT OLÍMPIC",BARCELONA,26,"23,3","0,0","21,0",04:40,"25,6",08:50,21,"5,0","12,5",14:20,77,91,22:30,70,07:40
2024-06-26,0201D,"BARCELONA, PORT OLÍMPIC",BARCELONA,26,"23,0","0,0","21,3",04:50,"24,8",08:00,20,"3,9","10,3",13:10,86,92,19:30,77,07:40
2024-06-27,0201D,"BARCELONA, PORT OLÍMPIC",BARCELONA,26,"24,0","0,0","21,8",04:40,"26,2",09:10,08,"2,8","6,4",09:40,77,92,10:30,54,23:10
2024-06-28,0201D,"BARCELONA, PORT OLÍMPIC",BARCELONA,26,"24,6","0,0","22,2",04:40,"26,9",10:50,08,"5,0","11,4",23:20,72,93,22:00,57,07:20
2024-06-29,0201D,"BARCELONA, PORT OLÍMPIC",BARCELONA,26,"23,7","0,0","19,9",10:00,"27,5",17:00,23,"5,6","11,1",14:50,76,94,09:10,54,19:40
2024-06-30,0201D,"BARCELONA, PORT OLÍMPIC",BARCELONA,26,"23,4","3,5","21,6",Varias,"25,3",14:00,08,"3,9","8,9",03:00,86,91,Varias,75,00:00
2024-07-01,0201D,"BARCELONA, PORT OLÍMPIC",BARCELONA,26,"21,8","10,1","19,0",10:40,"24,7",14:20,20,"3,1","7,5",16:40,89,94,Varias,78,14:20
2024-07-02,0201D,"BARCELONA, PORT OLÍMPIC",BARCELONA,26,"22,8","0,0","19,9",03:50,"25,6",09:00,19,"3,9","8,1",13:00,80,90,Varias,61,08:20
2024-07-03,0201D,"BARCELONA, PORT OLÍMPIC",BARCELONA,26,"23,2","0,0","21,2",05:20,"25,1",09:40,99,"3,3","8,3",09:50,84,91,Varias,70,09:30
2024-07-04,0201D,"BARCELONA, PORT OLÍMPIC",BARCELONA,26,"23,0","0,0","19,9",04:50,"26,1",12:40,20,"2,5","7,5",15:20,85,92,23:59,77,12:30
2024-07-05,0201D,"BARCELONA, PORT OLÍMPIC",BARCELONA,26,"24,2","0,0","21,1",04:50,"27,4",10:20,30,"2,8","7,8",23:10,84,92,Varias,66,09:00
2024-07-06,0201D,"BARCELONA, PORT OLÍMPIC",BARCELONA,26,"24,8","0,0","22,8",22:50,"26,8",09:40,09,"5,3","15,6",20:20,86,91,05:40,75,12:20
2024-07-07,0201D,"BARCELONA, PORT OLÍMPIC",BARCELONA,26,"23,7","0,0","21,9",04:40,"25,5",09:50,99,"4,7","8,6",13:40,81,92,Varias,68,08:40
2024-07-08,0201D,"BARCELONA, PORT OLÍMPIC",BARCELONA,26,"23,4","0,0","21,4",04:00,"25,3",11:30,21,"4,7","10,6",14:00,86,91,Varias,76,07:20
2024-07-09,0201D,"BARCELONA, PORT OLÍMPIC",BARCELONA,26,"24,3","0,0","22,2",05:00,"26,4",10:50,21,"3,9","8,6",14:30,83,90,Varias,76,07:00
2024-07-10,0201D,"BARCELONA, PORT OLÍMPIC",BARCELONA,26,"25,2","0,0","22,5",04:40,"27,9",08:10,24,"3,6","9,2",17:00,81,94,Varias,70,08:10
2024-07-11,0201D,"BARCELONA, PORT OLÍMPIC",BARCELONA,26,"25,0","0,0","22,9",04:40,"27,2",10:30,21,"4,4","8,6",14:20,90,94,Varias,82,14:30
2024-07-12,0201D,"BARCELONA, PORT OLÍMPIC",BARCELONA,26,"26,4","0,2","23,7",04:50,"29,0",10:20,19,"3,3","6,7",14:10,86,94,01:10,82,12:40
2024-07-13,0201D,"BARCELONA, PORT OLÍMPIC",BARCELONA,26,"23,6","0,1","21,6",07:50,"25,6",11:30,12,"2,5","6,1",04:50,79,90,00:00,72,13:10
2024-07-14,0201D,"BARCELONA, PORT OLÍMPIC",BARCELONA,26,"24,6","0,0","21,4",03:00,"27,7",14:40,22,"5,0","11,9",13:30,85,93,23:10,73,08:10
2024-07-15,0201D,"BARCELONA, PORT OLÍMPIC",BARCELONA,26,"24,9","0,0","23,2",01:50,"26,6",17:00,20,"5,0","10,3",11:10,90,94,Varias,86,07:40
2024-07-16,0201D,"BARCELONA, PORT OLÍMPIC",BARCELONA,26,"25,8","0,0","23,5",02:40,"28,0",13:30,99,"3,3","5,8",Varias,82,94,Varias,74,18:10
2024-07-17,0201D,"BARCELONA, PORT OLÍMPIC",BARCELONA,26,"25,5","0,0","23,0",05:00,"28,0",08:40,20,"4,7","8,6",12:10,73,88,00:10,65,07:20
2024-07-18,0201D,"BARCELONA, PORT OLÍMPIC",BARCELONA,26,"25,2","0,0","22,9",03:30,"27,5",07:20,21,"4,4","9,2",12:30,79,92,21:10,66,04:00
2024-07-19,0201D,"BARCELONA, PORT OLÍMPIC",BARCELONA,26,"26,5","0,0","24,8",01:40,"28,2",08:50,20,"4,2","8,9",16:30,90,93,Varias,78,03:10
2024-07-20,0201D,"BARCELONA, PORT OLÍMPIC",BARCELONA,26,"26,8","0,5","24,6",03:00,"28,9",07:30,21,"3,9","8,9",16:50,83,92,Varias,67,07:20
2024-07-21,0201D,"BARCELONA, PORT OLÍMPIC",BARCELONA,26,"25,7","1,8","22,5",08:30,"28,9",16:30,11,"5,3","11,1",06:20,84,94,05:30,39,16:30
2024-07-22,0201D,"BARCELONA, PORT OLÍMPIC",BARCELONA,26,"25,4","0,0","22,0",04:50,"28,7",10:30,21,"4,2","8,6",Varias,60,87,Varias,47,07:50
2024-07-23,0201D,"BARCELONA, PORT OLÍMPIC",BARCELONA,26,"25,8","0,0","22,6",04:00,"29,1",17:40,20,"4,2","9,2",14:00,76,92,22:50,57,17:30
2024-07-24,0201D,"BARCELONA, PORT OLÍMPIC",BARCELONA,26,"26,1","0,0","23,4",04:00,"28,8",08:30,99,"5,0","8,9",Varias,81,92,Varias,62,23:59
2024-07-25,0201D,"BARCELONA, PORT OLÍMPIC",BARCELONA,26,"25,8","0,0","23,7",04:20,"27,8",07:50,21,"4,4","9,4",12:20,85,92,22:50,61,00:20
2024-07-26,0201D,"BARCELONA, PORT OLÍMPIC",BARCELONA,26,"26,8","0,0","24,0",04:50,"29,6",10:00,21,"3,3","7,5",16:10,78,91,01:10,57,14:50
2024-07-27,0201D,"BARCELONA, PORT OLÍMPIC",BARCELONA,26,"26,6","0,0","23,8",04:50,"29,4",16:30,20,"2,5","7,2",09:50,79,92,23:20,59,06:40
2024-07-28,0201D,"BARCELONA, PORT OLÍMPIC",BARCELONA,26,"26,1","0,0","23,9",04:00,"28,3",11:00,09,"5,8","10,0",06:50,89,92,Varias,78,13:40
2024-07-29,0201D,"BARCELONA, PORT OLÍMPIC",BARCELONA,26,"27,0","0,0","24,1",05:00,"30,0",08:40,21,"3,6","7,5",14:40,77,92,Varias,45,07:30
2024-07-30,0201D,"BARCELONA, PORT OLÍMPIC",BARCELONA,26,"30,4","0,0","25,6",05:20,"35,2",13:30,24,"3,9","13,3",14:30,46,86,20:40,32,13:20
2024-07-31,0201D,"BARCELONA, PORT OLÍMPIC",BARCELONA,26,"28,5","0,0","24,8",04:10,"32,2",08:40,99,"3,9","8,9",13:50,67,93,Varias,39,07:10
2024-08-01,0201D,"BARCELONA, PORT OLÍMPIC",BARCELONA,26,"28,1","0,0","24,6",01:30,"31,6",14:20,09,"3,1","5,6",18:30,84,93,Varias,56,Varias
2024-08-02,0201D,"BARCELONA, PORT OLÍMPIC",BARCELONA,26,"27,2","0,0","23,1",18:30,"31,2",10:10,34,"2,5","12,8",18:10,69,85,00:00,43,20:50
2024-08-03,0201D,"BARCELONA, PORT OLÍMPIC",BARCELONA,26,"26,7","0,0","23,6",05:00,"29,8",10:20,34,"4,2","8,9",07:20,67,85,Varias,52,09:10
2024-08-04,0201D,"BARCELONA, PORT OLÍMPIC",BARCELONA,26,"27,2","0,0","24,4",05:00,"30,1",09:20,20,"4,4","10,6",14:50,72,90,Varias,52,12:00
2024-08-05,0201D,"BARCELONA, PORT OLÍMPIC",BARCELONA,26,"26,6","0,0","24,5",05:00,"28,8",17:00,20,"4,7","9,7",Varias,86,91,Varias,80,16:50
2024-08-06,0201D,"BARCELONA, PORT OLÍMPIC",BARCELONA,26,"27,4","0,0","25,4",05:00,"29,5",09:20,21,"4,7","9,2",14:20,86,92,22:30,73,07:40
2024-08-07,0201D,"BARCELONA, PORT OLÍMPIC",BARCELONA,26,"28,0","0,0","25,2",05:50,"30,9",13:40,11,"1,7","5,3",10:10,77,90,08:00,71,18:10
2024-08-08,0201D,"BARCELONA, PORT OLÍMPIC",BARCELONA,26,"27,9","0,0","25,1",05:00,"30,7",09:50,20,"2,8","5,0",12:50,79,90,23:40,70,06:40
2024-08-09,0201D,"BARCELONA, PORT OLÍMPIC",BARCELONA,26,"28,6","0,0","25,2",04:00,"32,1",10:20,99,"2,8","5,3",Varias,72,90,00:00,58,14:20
2024-08-10,0201D,"BARCELONA, PORT OLÍMPIC",BARCELONA,26,"28,8","0,0","25,9",Varias,"31,8",10:50,12,"1,9","5,6",14:40,67,76,10:20,52,20:20
2024-08-11,0201D,"BARCELONA, PORT OLÍMPIC",BARCELONA,26,"27,0","0,0","25,0",04:40,"29,0",13:50,12,"4,7","8,3",10:30,85,93,03:10,62,00:00
2024-08-12,0201D,"BARCELONA, PORT OLÍMPIC",BARCELONA,26,"27,6","0,0","24,6",05:30,"30,5",13:20,12,"3,1","6,4",12:20,85,92,Varias,80,13:00
2024-08-13,0201D,"BARCELONA, PORT OLÍMPIC",BARCELONA,26,"27,6","1,3","24,6",05:40,"30,7",12:20,10,"3,6","8,9",14:50,86,92,Varias,47,14:20
2024-08-14,0201D,"BARCELONA, PORT OLÍMPIC",BARCELONA,26,"26,6","0,2","21,5",23:59,"31,7",11:20,10,"5,6","13,6",17:40,76,93,18:20,51,09:50
2024-08-15,0201D,"BARCELONA, PORT OLÍMPIC",BARCELONA,26,"24,8","0,0","21,0",02:20,"28,6",11:40,10,"3,6","12,2",14:00,73,90,02:10,54,11:10
2024-08-16,0201D,"BARCELONA, PORT OLÍMPIC",BARCELONA,26,"26,0","0,0","23,5",02:40,"28,4",12:20,12,"2,5","7,5",09:40,80,88,21:50,61,08:40
2024-08-17,0201D,"BARCELONA, PORT OLÍMPIC",BARCELONA,26,"26,6","0,0","23,5",06:00,"29,8",09:20,23,"4,2","12,5",16:40,75,90,Varias,59,12:30
2024-08-18,0201D,"BARCELONA, PORT OLÍMPIC",BARCELONA,26,"25,2","3,4","23,0",20:20,"27,3",10:30,10,"5,0","11,4",11:30,88,93,Varias,81,Varias
2024-08-19,0201D,"BARCELONA, PORT OLÍMPIC",BARCELONA,26,"24,9","0,0","22,4",03:00,"27,4",10:10,99,"3,9","8,9",Varias,83,93,Varias,59,08:50
2024-08-20,0201D,"BARCELONA, PORT OLÍMPIC",BARCELONA,26,"25,2","0,0","21,6",05:30,"28,8",15:20,23,"3,9","8,9",16:00,78,91,Varias,48,15:10
2024-08-21,0201D,"BARCELONA, PORT OLÍMPIC",BARCELONA,26,"26,4","0,0","23,6",05:00,"29,1",11:20,99,"5,3","11,4",14:30,79,90,Varias,63,14:50
2024-08-22,0201D,"BARCELONA, PORT OLÍMPIC",BARCELONA,26,"26,7","0,0","25,4",05:00,"28,0",17:00,20,"4,4","9,7",12:30,88,92,Varias,85,09:30
2024-08-23,0201D,"BARCELONA, PORT OLÍMPIC",BARCELONA,26,"27,2",,"25,0",05:00,"29,4",08:40,99,"4,2","8,6",Varias,89,92,Varias,76,08:30
2024-08-24,0201D,"BARCELONA, PORT OLÍMPIC",BARCELONA,26,"26,7","0,0","24,3",05:20,"29,1",08:40,20,"3,6","7,8",12:40,88,92,Varias,76,08:30
2024-08-25,0201D,"BARCELONA, PORT OLÍMPIC",BARCELONA,26,"26,8","0,0","24,4",05:30,"29,2",14:00,10,"3,6","12,5",03:00,76,92,00:00,59,13:50
2024-08-26,0201D,"BARCELONA, PORT OLÍMPIC",BARCELONA,26,"26,2","0,0","24,2",04:50,"28,2",09:00,20,"4,7","10,0",14:10,82,90,23:40,65,09:00
2024-08-27,0201D,"BARCELONA, PORT OLÍMPIC",BARCELONA,26,"26,4","0,0","24,6",05:00,"28,1",14:30,22,"4,7","11,1",15:20,83,91,01:40,80,Varias
2024-08-28,0201D,"BARCELONA, PORT OLÍMPIC",BARCELONA,26,"26,3","0,0","24,0",05:40,"28,6",11:50,12,"2,5","6,4",09:40,87,90,Varias,84,09:10
2024-08-29,0201D,"BARCELONA, PORT OLÍMPIC",BARCELONA,26,"26,2","0,0","24,0",Varias,"28,3",13:00,09,"3,9","7,8",06:10,84,94,Varias,75,13:10
2024-08-30,0201D,"BARCELONA, PORT OLÍMPIC",BARCELONA,26,"25,2","0,0","21,8",05:40,"28,6",13:30,13,"2,2","5,3",11:50,79,90,Varias,67,07:10
2024-08-31,0201D,"BARCELONA, PORT OLÍMPIC",BARCELONA,26,"26,6","0,0","23,6",05:30,"29,7",12:50,12,"3,3","5,6",14:00,83,91,Varias,76,07:20
2024-09-01,0201D,"BARCELONA, PORT OLÍMPIC",BARCELONA,26,"25,6","0,5","23,6",08:10,"27,6",14:10,08,"3,9","8,1",20:40,79,91,Varias,66,09:40
2024-09-02,0201D,"BARCELONA, PORT OLÍMPIC",BARCELONA,26,"26,0","0,0","22,6",05:50,"29,4",12:40,36,"2,2","5,8",06:00,72,89,Varias,54,09:20
2024-09-03,0201D,"BARCELONA, PORT OLÍMPIC",BARCELONA,26,"23,6","3,4","21,0",12:50,"26,3",09:20,12,"2,8","13,6",13:50,85,93,12:40,70,09:40
2024-09-04,0201D,"BARCELONA, PORT OLÍMPIC",BARCELONA,26,"21,4","8,5","19,1",10:40,"23,8",16:00,26,"2,8","11,1",18:00,88,94,10:00,77,16:30
2024-09-05,0201D,"BARCELONA, PORT OLÍMPIC",BARCELONA,26,"20,7","0,0","17,0",05:10,"24,4",16:00,,"3,1",,,71,91,00:00,60,10:10
2024-09-06,0201D,"BARCELONA, PORT OLÍMPIC",BARCELONA,26,"23,8","1,3","20,3",04:30,"27,2",12:10,11,"5,6","11,4",16:50,86,94,Varias,79,13:10
2024-09-07,0201D,"BARCELONA, PORT OLÍMPIC",BARCELONA,26,"24,7","5,7","21,3",03:00,"28,1",09:50,20,"4,4","9,4",13:40,90,94,00:00,78,15:50
2024-09-08,0201D,"BARCELONA, PORT OLÍMPIC",BARCELONA,26,"22,3","44,7","19,3",12:30,"25,3",00:10,09,"1,7","9,7",19:50,92,95,Varias,80,23:40
2024-09-09,0201D,"BARCELONA, PORT OLÍMPIC",BARCELONA,26,"22,6","0,0","19,0",05:40,"26,3",10:30,35,"3,3","8,6",05:20,66,85,00:20,56,Varias
2024-09-10,0201D,"BARCELONA, PORT OLÍMPIC",BARCELONA,26,"23,4","0,0","20,5",06:10,"26,3",10:40,19,"3,3","8,3",15:10,77,90,Varias,61,09:40
2024-09-11,0201D,"BARCELONA, PORT OLÍMPIC",BARCELONA,26,"22,0","0,0","18,9",05:40,"25,2",11:00,36,"2,8","7,8",05:00,74,91,01:40,55,08:50
2024-09-12,0201D,"BARCELONA, PORT OLÍMPIC",BARCELONA,26,"20,6","0,5","17,4",22:30,"23,7",09:00,12,"3,9","11,4",15:10,83,92,16:10,65,09:00
2024-09-13,0201D,"BARCELONA, PORT OLÍMPIC",BARCELONA,26,"18,4","0,0","14,8",05:30,"22,1",13:10,21,"2,8","7,2",14:30,58,83,00:00,48,08:20
2024-09-14,0201D,"BARCELONA, PORT OLÍMPIC",BARCELONA,26,"19,7","0,0","15,1",03:40,"24,3",16:50,19,"3,6","8,1",15:30,50,69,03:40,34,09:40
2024-09-15,0201D,"BARCELONA, PORT OLÍMPIC",BARCELONA,26,"20,8","0,0","16,1",05:30,"25,6",15:00,22,"4,2","10,0",13:00,55,69,05:30,44,11:00
2024-09-16,0201D,"BARCELONA, PORT OLÍMPIC",BARCELONA,26,"22,0","0,0","18,2",03:40,"25,9",10:10,35,"2,2","6,9",05:00,48,66,03:10,38,09:40
2024-09-17,0201D,"BARCELONA, PORT OLÍMPIC",BARCELONA,26,"21,0","3,4","17,6",22:50,"24,3",14:50,08,"4,2","13,6",17:10,66,90,22:40,52,02:10
2024-09-18,0201D,"BARCELONA, PORT OLÍMPIC",BARCELONA,26,"19,6","7,0","17,5",16:00,"21,7",11:30,10,"2,5","12,2",01:00,80,94,15:50,68,08:10
2024-09-19,0201D,"BARCELONA, PORT OLÍMPIC",BARCELONA,26,"20,3","2,8","16,9",Varias,"23,7",10:10,18,"3,6","7,5",14:00,77,91,Varias,70,16:20
2024-09-20,0201D,"BARCELONA, PORT OLÍMPIC",BARCELONA,26,"20,0","13,7","17,5",09:50,"22,6",15:50,08,"3,9","6,7",20:10,83,94,Varias,74,Varias
2024-09-21,0201D,"BARCELONA, PORT OLÍMPIC",BARCELONA,26,"20,6","1,2","18,9",05:30,"22,3",13:40,08,"4,4","9,7",11:00,86,92,Varias,68,21:10
2024-09-22,0201D,"BARCELONA, PORT OLÍMPIC",BARCELONA,26,"21,2","0,3","18,9",05:00,"23,5",15:40,09,"1,9","7,5",22:50,88,92,Varias,82,Varias
2024-09-23,0201D,"BARCELONA, PORT OLÍMPIC",BARCELONA,26,"20,8","0,1","18,3",05:20,"23,2",09:50,09,"3,6","11,4",19:50,89,93,20:40,71,13:50
2024-09-24,0201D,"BARCELONA, PORT OLÍMPIC",BARCELONA,26,"22,4","0,0","18,3",01:50,"26,5",15:30,09,"3,9","11,7",18:20,74,91,Varias,46,16:20
2024-09-25,0201D,"BARCELONA, PORT OLÍMPIC",BARCELONA,26,"21,4","0,0","17,9",06:00,"24,8",15:30,26,"3,9","10,3",18:20,78,89,Varias,64,08:50
2024-09-26,0201D,"BARCELONA, PORT OLÍMPIC",BARCELONA,26,"25,3","0,0","21,4",03:10,"29,2",16:20,24,"4,4","10,8",13:50,81,91,04:50,60,16:10
2024-09-27,0201D,"BARCELONA, PORT OLÍMPIC",BARCELONA,26,"22,4","0,0","17,7",23:59,"27,0",12:20,09,"5,6","13,6",17:30,66,91,Varias,29,14:30
2024-09-28,0201D,"BARCELONA, PORT OLÍMPIC",BARCELONA,26,"18,2","2,5","14,5",05:10,"21,9",11:20,35,"3,6","8,6",07:20,58,80,23:50,48,10:10
2024-09-29,0201D,"BARCELONA, PORT OLÍMPIC",BARCELONA,26,"19,8","0,0","16,0",04:50,"23,5",10:40,25,"3,9","12,8",14:30,67,86,00:50,51,08:20
2024-09-30,0201D,"BARCELONA, PORT OLÍMPIC",BARCELONA,26,"21,7","0,0","18,3",06:20,"25,1",11:20,23,"3,6","10,6",15:30,84,90,Varias,74,11:10
2024-10-01,0201D,"BARCELONA, PORT OLÍMPIC",BARCELONA,26,"22,4","0,0","19,8",04:40,"25,1",11:10,24,"4,2","12,5",14:20,83,91,Varias,69,12:50
2024-10-02,0201D,"BARCELONA, PORT OLÍMPIC",BARCELONA,26,"19,1","29,3","15,3",23:59,"22,9",09:20,12,"5,6","11,4",14:30,92,96,Varias,83,16:40
2024-10-03,0201D,"BARCELONA, PORT OLÍMPIC",BARCELONA,26,"19,0","0,0","14,1",03:20,"24,0",16:50,07,"3,1","10,8",01:30,82,96,00:00,46,16:00
2024-10-04,0201D,"BARCELONA, PORT OLÍMPIC",BARCELONA,26,"19,0","0,0","15,9",06:00,"22,0",11:00,21,"3,6","9,7",12:20,71,89,23:30,56,09:50
2024-10-05,0201D,"BARCELONA, PORT OLÍMPIC",BARCELONA,26,"19,4","0,0","15,8",06:20,"23,1",13:00,08,"3,6","9,7",13:00,74,89,Varias,49,12:40
2024-10-06,0201D,"BARCELONA, PORT OLÍMPIC",BARCELONA,26,"21,0","0,0","18,0",01:00,"24,0",11:10,21,"2,5","7,5",14:10,87,93,Varias,73,09:10
2024-10-07,0201D,"BARCELONA, PORT OLÍMPIC",BARCELONA,26,"21,6","1,7","18,2",23:30,"24,9",11:40,31,"1,7","16,9",22:50,92,94,19:40,57,22:10
2024-10-08,0201D,"BARCELONA, PORT OLÍMPIC",BARCELONA,26,"21,4","0,0","17,5",02:10,"25,2",14:00,28,"4,4","12,5",08:20,63,89,01:40,43,Varias
2024-10-09,0201D,"BARCELONA, PORT OLÍMPIC",BARCELONA,26,"22,4","0,1","20,1",06:20,"24,6",11:30,23,"4,4","17,5",14:10,68,87,20:40,57,01:00
2024-10-10,0201D,"BARCELONA, PORT OLÍMPIC",BARCELONA,26,"20,2","0,0","17,3",06:20,"23,0",00:10,28,"2,5","10,8",03:00,66,87,23:40,60,12:00
2024-10-11,0201D,"BARCELONA, PORT OLÍMPIC",BARCELONA,26,"18,6","0,0","16,0",06:00,"21,2",10:40,17,"2,8","6,7",16:10,85,91,Varias,78,Varias
2024-10-12,0201D,"BARCELONA, PORT OLÍMPIC",BARCELONA,26,"20,0","0,6","16,7",06:00,"23,2",13:30,22,"1,7","7,2",13:30,89,93,10:40,73,14:10
2024-10-13,0201D,"BARCELONA, PORT OLÍMPIC",BARCELONA,26,"19,7","0,0","17,6",06:20,"21,8",14:40,08,"2,5","8,1",10:40,89,93,Varias,79,09:00
2024-10-14,0201D,"BARCELONA, PORT OLÍMPIC",BARCELONA,26,"20,3","0,0","18,5",06:00,"22,1",13:30,11,"4,7","11,1",19:50,93,94,Varias,90,Varias
2024-10-15,0201D,"BARCELONA, PORT OLÍMPIC",BARCELONA,26,"21,2","0,0","19,7",06:30,"22,8",10:00,99,"5,6","10,3",08:50,92,94,Varias,87,Varias
2024-10-16,0201D,"BARCELONA, PORT OLÍMPIC",BARCELONA,26,"22,0","0,0","19,4",06:30,"24,5",10:50,20,"3,6","8,6",13:10,90,94,Varias,84,15:00
2024-10-17,0201D,"BARCELONA, PORT OLÍMPIC",BARCELONA,26,"20,6","0,4","16,2",23:00,"25,0",12:00,31,"3,3","13,6",15:20,72,94,08:40,57,16:00
2024-10-18,0201D,"BARCELONA, PORT OLÍMPIC",BARCELONA,26,"16,8","0,0","14,6",06:00,"19,1",10:20,33,"4,7","8,9",07:20,74,91,20:50,57,10:20
2024-10-19,0201D,"BARCELONA, PORT OLÍMPIC",BARCELONA,26,"17,6","0,0","13,8",05:30,"21,5",12:00,21,"2,8","6,9",14:30,69,89,Varias,54,11:10
2024-10-20,0201D,"BARCELONA, PORT OLÍMPIC",BARCELONA,26,"20,0","0,0","15,0",04:30,"24,9",12:40,02,"1,4","5,8",06:50,70,91,19:00,53,10:50
2024-10-21,0201D,"BARCELONA, PORT OLÍMPIC",BARCELONA,26,"20,2","0,0","17,1",03:00,"23,2",10:20,10,"3,9","6,9",11:20,86,93,Varias,67,09:30
2024-10-22,0201D,"BARCELONA, PORT OLÍMPIC",BARCELONA,26,"18,8","0,0","16,8",04:20,"20,9",10:00,10,"4,7","11,1",10:40,90,92,Varias,76,08:40
2024-10-23,0201D,"BARCELONA, PORT OLÍMPIC",BARCELONA,26,"19,4","0,0","15,8",05:50,"23,0",12:10,10,"2,2","5,8",16:00,83,92,23:40,65,10:00
2024-10-24,0201D,"BARCELONA, PORT OLÍMPIC",BARCELONA,26,"18,4","0,0","15,2",05:00,"21,5",12:40,20,"2,2","5,0",16:20,88,93,Varias,83,08:50
2024-10-25,0201D,"BARCELONA, PORT OLÍMPIC",BARCELONA,26,"18,9","31,9","16,0",05:00,"21,8",14:00,26,"3,3","10,8",23:59,91,93,Varias,83,08:40
2024-10-26,0201D,"BARCELONA, PORT OLÍMPIC",BARCELONA,26,"16,2","17,9","13,7",23:40,"18,7",13:20,32,"1,4","10,0",05:30,90,94,Varias,82,13:10
2024-10-27,0201D,"BARCELONA, PORT OLÍMPIC",BARCELONA,26,"16,1","0,9","12,7",Varias,"19,5",15:00,09,"8,1","14,7",15:10,88,94,Varias,77,16:10
2024-10-28,0201D,"BARCELONA, PORT OLÍMPIC",BARCELONA,26,"19,2","8,6","17,5",23:59,"20,8",13:00,09,"7,8","12,2",17:40,89,94,Varias,84,Varias
2024-10-29,0201D,"BARCELONA, PORT OLÍMPIC",BARCELONA,26,"19,3","0,1","17,2",01:00,"21,4",14:00,09,"7,8","15,0",16:50,91,92,Varias,83,23:50
2024-10-30,0201D,"BARCELONA, PORT OLÍMPIC",BARCELONA,26,"19,3","21,0","17,8",13:00,"20,8",01:50,99,"8,1","15,3",Varias,91,94,12:40,82,01:30
2024-10-31,0201D,"BARCELONA, PORT OLÍMPIC",BARCELONA,26,"20,0","13,4","18,3",Varias,"21,6",10:30,08,"7,5","12,2",04:00,91,94,Varias,80,10:20
2024-11-01,0201D,"BARCELONA, PORT OLÍMPIC",BARCELONA,26,"18,6","0,0","16,0",06:00,"21,2",11:20,99,"3,9","12,5",Varias,88,94,01:10,81,13:10
2024-11-02,0201D,"BARCELONA, PORT OLÍMPIC",BARCELONA,26,"18,6","0,1","16,7",23:59,"20,4",11:40,08,"7,8","16,4",14:20,86,91,Varias,79,Varias
2024-11-03,0201D,"BARCELONA, PORT OLÍMPIC",BARCELONA,26,"18,2","3,2","16,2",06:40,"20,2",12:00,99,"6,7","11,1",Varias,91,94,Varias,88,04:50
2024-11-04,0201D,"BARCELONA, PORT OLÍMPIC",BARCELONA,26,"18,0","30,4","15,9",10:30,"20,0",14:30,34,"4,4","11,1",10:30,91,95,10:40,89,Varias
2024-11-05,0201D,"BARCELONA, PORT OLÍMPIC",BARCELONA,26,"20,5","0,0","17,7",04:00,"23,3",11:50,09,"2,5","5,0",22:20,91,93,Varias,85,11:00
2024-11-06,0201D,"BARCELONA, PORT OLÍMPIC",BARCELONA,26,"18,9","0,0","16,7",22:00,"21,1",11:00,09,"3,9","7,2",Varias,89,92,00:00,86,Varias
2024-11-07,0201D,"BARCELONA, PORT OLÍMPIC",BARCELONA,26,"18,0","0,0","15,9",23:50,"20,0",13:20,08,"3,6","10,6",15:00,86,91,Varias,80,10:00
2024-11-08,0201D,"BARCELONA, PORT OLÍMPIC",BARCELONA,26,"18,8","0,0","15,5",06:50,"22,1",12:50,36,"2,2","6,1",00:30,84,92,Varias,72,11:20
2024-11-09,0201D,"BARCELONA, PORT OLÍMPIC",BARCELONA,26,"17,6","0,0","14,2",06:00,"20,9",12:50,02,"1,9","5,0",09:30,86,93,Varias,79,12:10
2024-11-10,0201D,"BARCELONA, PORT OLÍMPIC",BARCELONA,26,"18,6","0,0","14,2",06:50,"23,0",12:50,35,"2,2","7,5",08:20,72,91,Varias,53,13:10
2024-11-11,0201D,"BARCELONA, PORT OLÍMPIC",BARCELONA,26,"16,8","0,0","13,1",06:00,"20,5",11:40,30,"2,5","5,3",19:10,83,89,05:50,68,10:20
2024-11-12,0201D,"BARCELONA, PORT OLÍMPIC",BARCELONA,26,"13,8","8,0","10,9",23:59,"16,6",11:10,10,"3,3","16,7",15:30,72,88,15:20,53,18:50
2024-11-13,0201D,"BARCELONA, PORT OLÍMPIC",BARCELONA,26,"13,6","0,4","10,2",05:30,"16,9",12:50,08,"7,8","16,4",12:50,87,92,05:40,73,01:10
2024-11-14,0201D,"BARCELONA, PORT OLÍMPIC",BARCELONA,26,"14,5","0,0","10,9",06:00,"18,1",11:30,08,"5,0","11,1",17:20,85,93,Varias,69,21:30
2024-11-15,0201D,"BARCELONA, PORT OLÍMPIC",BARCELONA,26,"15,8","0,0","13,6",06:50,"18,0",12:50,09,"2,2","6,7",03:40,80,90,Varias,72,00:00
2024-11-16,0201D,"BARCELONA, PORT OLÍMPIC",BARCELONA,26,"16,1","0,0","12,9",06:50,"19,3",11:40,20,"3,3","5,8",13:00,85,92,Varias,73,12:20
2024-11-17,0201D,"BARCELONA, PORT OLÍMPIC",BARCELONA,26,"16,6","0,0","12,6",04:30,"20,6",14:20,21,"1,4","6,1",15:00,81,92,00:00,58,14:10
2024-11-18,0201D,"BARCELONA, PORT OLÍMPIC",BARCELONA,26,"14,4","0,0","11,5",06:40,"17,4",13:00,34,"1,7","6,1",03:20,89,91,Varias,84,11:30
2024-11-19,0201D,"BARCELONA, PORT OLÍMPIC",BARCELONA,26,"16,6","0,0","13,3",06:30,"19,8",11:20,29,"2,2","6,9",07:20,85,92,18:50,66,11:10
2024-11-20,0201D,"BARCELONA, PORT OLÍMPIC",BARCELONA,26,"17,4","0,0","15,2",23:50,"19,6",14:20,29,"4,4","18,1",07:40,65,93,23:00,58,14:10
2024-11-21,0201D,"BARCELONA, PORT OLÍMPIC",BARCELONA,26,"16,0","0,0","13,3",05:50,"18,8",16:00,32,"3,1","13,6",21:30,66,93,01:40,52,Varias
2024-11-22,0201D,"BARCELONA, PORT OLÍMPIC",BARCELONA,26,"15,1","7,8","12,0",20:30,"18,2",00:20,30,"5,3","16,4",01:30,59,90,20:20,44,12:30
2024-11-23,0201D,"BARCELONA, PORT OLÍMPIC",BARCELONA,26,"15,1","0,0","11,9",06:40,"18,3",12:40,23,"3,3","9,7",12:50,79,90,01:40,64,12:40
2024-11-24,0201D,"BARCELONA, PORT OLÍMPIC",BARCELONA,26,"18,0","0,0","14,7",23:50,"21,4",11:10,28,"0,8","5,3",01:00,90,94,Varias,78,11:10
2024-11-25,0201D,"BARCELONA, PORT OLÍMPIC",BARCELONA,26,"16,3","0,0","13,5",03:50,"19,1",14:50,23,"1,7","7,8",16:40,91,93,Varias,78,23:59
2024-11-26,0201D,"BARCELONA, PORT OLÍMPIC",BARCELONA,26,"16,6","0,0","13,6",23:59,"19,5",12:40,29,"1,7","4,7",00:10,70,87,04:50,50,12:00
2024-11-27,0201D,"BARCELONA, PORT OLÍMPIC",BARCELONA,26,"14,7","0,0","11,1",23:59,"18,3",13:50,33,"1,9","6,1",06:00,66,80,23:59,56,15:50
2024-11-28,0201D,"BARCELONA, PORT OLÍMPIC",BARCELONA,26,"13,4","0,0","8,5",06:30,"18,3",13:50,26,"2,5","6,7",13:00,75,89,04:30,53,12:50
2024-11-29,0201D,"BARCELONA, PORT OLÍMPIC",BARCELONA,26,"14,4","0,0","9,3",04:20,"19,4",11:40,08,"3,3","6,1",16:10,76,92,Varias,48,11:20
2024-11-30,0201D,"BARCELONA, PORT OLÍMPIC",BARCELONA,26,"14,3","0,0","11,0",07:10,"17,6",11:40,35,"2,2","5,3",07:40,86,92,Varias,79,Varias
2024-12-01,0201D,"BARCELONA, PORT OLÍMPIC",BARCELONA,26,"15,8","0,0","13,5",23:59,"18,0",13:50,21,"2,2","5,3",14:00,87,92,Varias,80,Varias
2024-12-02,0201D,"BARCELONA, PORT OLÍMPIC",BARCELONA,26,"16,4","0,0","11,8",04:30,"21,0",13:00,29,"1,7","7,8",14:40,70,91,00:10,50,13:20
2024-12-03,0201D,"BARCELONA, PORT OLÍMPIC",BARCELONA,26,"14,0","0,4","10,8",06:30,"17,1",12:40,99,"2,5","6,4",Varias,77,90,06:20,62,12:30
2024-12-04,0201D,"BARCELONA, PORT OLÍMPIC",BARCELONA,26,"13,4","0,0","10,9",03:10,"16,0",13:50,32,"1,7","6,1",11:50,75,93,Varias,60,Varias
2024-12-05,0201D,"BARCELONA, PORT OLÍMPIC",BARCELONA,26,"13,6","0,0","9,7",08:00,"17,4",13:30,34,"1,7","7,5",06:40,67,78,Varias,55,21:10
2024-12-06,0201D,"BARCELONA, PORT OLÍMPIC",BARCELONA,26,"14,7","0,0","12,1",05:40,"17,3",14:00,33,"2,8","12,8",12:20,76,85,18:40,63,00:00
2024-12-07,0201D,"BARCELONA, PORT OLÍMPIC",BARCELONA,26,"14,8","0,0","9,2",23:59,"20,3",14:40,32,"5,8","21,7",16:40,69,91,04:40,39,14:50
2024-12-08,0201D,"BARCELONA, PORT OLÍMPIC",BARCELONA,26,"10,6","0,0","7,7",07:00,"13,6",13:10,30,"5,0","13,3",10:00,61,69,Varias,46,13:30
2024-12-09,0201D,"BARCELONA, PORT OLÍMPIC",BARCELONA,26,"10,6","0,0","7,0",07:20,"14,3",14:00,99,"3,3","10,8",Varias,59,72,07:10,47,13:30
2024-12-10,0201D,"BARCELONA, PORT OLÍMPIC",BARCELONA,26,"9,4","3,2","6,8",08:00,"12,0",12:10,35,"3,3","8,1",04:30,81,93,Varias,64,11:50
2024-12-11,0201D,"BARCELONA, PORT OLÍMPIC",BARCELONA,26,"8,9","1,2","6,8",06:50,"11,0",23:00,35,"3,3","7,2",11:20,89,93,15:30,81,05:10
2024-12-12,0201D,"BARCELONA, PORT OLÍMPIC",BARCELONA,26,"11,4","32,7","9,5",21:20,"13,2",09:50,08,"6,4","14,7",06:50,90,96,Varias,78,03:30
2024-12-13,0201D,"BARCELONA, PORT OLÍMPIC",BARCELONA,26,"12,4","0,0","9,1",05:00,"15,7",12:20,31,"2,2","6,1",21:50,85,91,Varias,74,11:20
2024-12-14,0201D,"BARCELONA, PORT OLÍMPIC",BARCELONA,26,"11,2","0,0","8,7",23:59,"13,7",13:00,30,"1,7","9,2",13:30,74,88,02:50,60,13:20
2024-12-15,0201D,"BARCELONA, PORT OLÍMPIC",BARCELONA,26,"10,6","0,0","6,9",07:00,"14,2",14:50,32,"1,9","8,1",06:00,74,85,Varias,58,15:00
2024-12-16,0201D,"BARCELONA, PORT OLÍMPIC",BARCELONA,26,"10,7","0,0","6,5",03:20,"14,9",14:10,26,"2,5","8,3",17:10,73,88,23:59,53,11:30
2024-12-17,0201D,"BARCELONA, PORT OLÍMPIC",BARCELONA,26,"12,4","0,0","9,0",02:10,"15,9",14:10,26,"3,1","10,6",12:20,75,90,02:20,59,14:10
2024-12-18,0201D,"BARCELONA, PORT OLÍMPIC",BARCELONA,26,"13,2","0,0","10,2",09:20,"16,2",14:00,26,"2,8","8,9",08:30,71,89,18:50,51,08:20
2024-12-19,0201D,"BARCELONA, PORT OLÍMPIC",BARCELONA,26,"15,7","0,0","11,4",23:59,"20,0",11:50,32,"4,4","16,4",15:00,54,75,00:20,47,22:10
2024-12-20,0201D,"BARCELONA, PORT OLÍMPIC",BARCELONA,26,"11,6","0,0","7,4",06:40,"15,7",14:40,30,"2,2","12,5",02:00,65,85,23:10,47,14:40
2024-12-21,0201D,"BARCELONA, PORT OLÍMPIC",BARCELONA,26,"10,3","0,0","6,8",03:00,"13,8",13:50,30,"1,9","7,5",13:20,65,81,Varias,52,13:10
2024-12-22,0201D,"BARCELONA, PORT OLÍMPIC",BARCELONA,26,"13,4","0,0","10,2",,"16,5",Varias,30,"3,1","16,4",17:10,69,81,Varias,56,22:00
2024-12-23,0201D,"BARCELONA, PORT OLÍMPIC",BARCELONA,26,"11,9","0,0","8,1",08:30,"15,7",12:00,30,"2,2","9,4",01:30,54,84,03:50,39,12:00
2024-12-24,0201D,"BARCELONA, PORT OLÍMPIC",BARCELONA,26,"10,0","0,0","6,7",04:30,"13,3",11:40,28,"1,9","6,9",21:10,73,89,23:30,57,Varias
2024-12-25,0201D,"BARCELONA, PORT OLÍMPIC",BARCELONA,26,"11,7","0,0","8,2",03:10,"15,2",12:30,10,"2,5","6,7",13:00,89,93,23:10,82,11:20
2024-12-26,0201D,"BARCELONA, PORT OLÍMPIC",BARCELONA,26,"11,8","0,0","10,2",23:59,"13,5",10:30,08,"1,7","6,7",12:00,91,94,23:40,90,Varias
2024-12-27,0201D,"BARCELONA, PORT OLÍMPIC",BARCELONA,26,"12,5","0,0","7,9",23:59,"17,1",12:20,02,"1,7","6,4",04:50,62,95,Varias,39,14:20
2024-12-28,0201D,"BARCELONA, PORT OLÍMPIC",BARCELONA,26,"9,7","0,0","4,6",07:30,"14,8",13:30,20,"1,9","5,6",14:30,73,88,20:50,59,12:40
2024-12-29,0201D,"BARCELONA, PORT OLÍMPIC",BARCELONA,26,"10,6","0,0","5,1",07:40,"16,2",13:00,99,"2,5","5,0",Varias,69,86,03:40,46,12:40
2024-12-30,0201D,"BARCELONA, PORT OLÍMPIC",BARCELONA,26,"9,3","0,0","4,4",07:40,"14,2",13:00,21,"2,2","5,6",14:00,76,89,20:50,59,11:40
2024-12-31,0201D,"BARCELONA, PORT OLÍMPIC",BARCELONA,26,"9,8","0,0","5,5",07:30,"14,0",13:00,35,"2,5","6,1",04:10,88,93,Varias,69,10:50
2025-01-01,0201D,"BARCELONA, PORT OLÍMPIC",BARCELONA,26,"10,8","0,0","6,9",08:00,"14,6",13:00,35,"1,7","6,1",09:10,86,92,Varias,78,11:40
2025-01-02,0201D,"BARCELONA, PORT OLÍMPIC",BARCELONA,26,"11,2","0,0","7,3",02:00,"15,2",13:40,30,"4,2","10,8",18:40,62,90,00:00,52,Varias
2025-01-03,0201D,"BARCELONA, PORT OLÍMPIC",BARCELONA,26,"11,0","0,0","6,9",00:50,"15,2",14:30,28,"3,1","13,3",08:40,66,82,23:59,52,14:30
2025-01-04,0201D,"BARCELONA, PORT OLÍMPIC",BARCELONA,26,"13,2","0,0","9,9",03:30,"16,5",13:20,35,"1,7","7,8",00:20,83,92,Varias,68,13:20
2025-01-05,0201D,"BARCELONA, PORT OLÍMPIC",BARCELONA,26,"13,0","0,0","10,4",02:00,"15,5",11:50,26,"3,9","8,9",15:10,76,91,20:10,58,11:50
2025-01-06,0201D,"BARCELONA, PORT OLÍMPIC",BARCELONA,26,"14,5","0,5","11,3",00:20,"17,7",13:00,11,"2,8","9,2",20:50,70,93,Varias,62,12:50
2025-01-07,0201D,"BARCELONA, PORT OLÍMPIC",BARCELONA,26,"11,5","0,0","8,3",07:30,"14,7",15:00,29,"3,3","11,7",13:20,56,77,Varias,46,15:10
2025-01-08,0201D,"BARCELONA, PORT OLÍMPIC",BARCELONA,26,"15,0","0,0","11,9",04:30,"18,1",12:50,28,"4,2","11,7",08:50,73,85,18:00,48,23:59
2025-01-09,0201D,"BARCELONA, PORT OLÍMPIC",BARCELONA,26,"16,0","0,0","13,0",23:59,"19,1",14:50,32,"4,2","17,5",12:30,56,70,23:59,47,14:00
2025-01-10,0201D,"BARCELONA, PORT OLÍMPIC",BARCELONA,26,"15,2","0,0","10,9",07:30,"19,4",15:00,29,"2,2","9,2",14:20,76,89,07:10,58,14:30
2025-01-11,0201D,"BARCELONA, PORT OLÍMPIC",BARCELONA,26,"16,0","0,0","13,3",Varias,"18,6",13:10,08,"2,5","11,7",19:50,74,90,21:40,38,19:00
2025-01-12,0201D,"BARCELONA, PORT OLÍMPIC",BARCELONA,26,"10,6","0,0","6,3",23:59,"15,0",10:50,99,"5,8","13,3",14:50,45,66,00:00,30,10:40
2025-01-13,0201D,"BARCELONA, PORT OLÍMPIC",BARCELONA,26,"8,4","0,0","4,9",06:20,"11,8",15:10,36,"1,7","5,8",08:40,53,68,22:40,44,10:20
2025-01-14,0201D,"BARCELONA, PORT OLÍMPIC",BARCELONA,26,"7,9","0,0","3,7",06:40,"12,1",13:40,34,"2,8","7,2",04:50,59,78,20:40,44,Varias
2025-01-15,0201D,"BARCELONA, PORT OLÍMPIC",BARCELONA,26,"7,8","0,0","2,6",07:00,"13,1",15:00,30,"2,2","8,1",14:40,55,72,Varias,39,13:50
2025-01-16,0201D,"BARCELONA, PORT OLÍMPIC",BARCELONA,26,"8,6","2,8","4,6",02:40,"12,5",11:40,10,"6,9","22,8",14:10,71,92,23:30,59,10:30
2025-01-17,0201D,"BARCELONA, PORT OLÍMPIC",BARCELONA,26,"10,5","0,0","7,5",23:30,"13,5",14:20,06,"6,1","13,3",10:50,68,96,01:00,48,18:30
2025-01-18,0201D,"BARCELONA, PORT OLÍMPIC",BARCELONA,26,"9,2","0,0","5,0",07:50,"13,5",12:40,35,"2,2","5,8",08:00,65,74,18:00,48,10:40
2025-01-19,0201D,"BARCELONA, PORT OLÍMPIC",BARCELONA,26,"11,2","0,0","8,3",23:59,"14,0",12:40,36,"2,5","4,4",Varias,63,80,23:50,54,10:50
2025-01-20,0201D,"BARCELONA, PORT OLÍMPIC",BARCELONA,26,"10,2","0,0","6,9",03:00,"13,5",14:30,26,"1,4","5,3",18:20,84,90,Varias,75,10:30
2025-01-21,0201D,"BARCELONA, PORT OLÍMPIC",BARCELONA,26,"9,8","0,0","6,4",07:00,"13,3",14:00,35,"1,9","4,4",09:50,82,93,Varias,69,12:50
2025-01-22,0201D,"BARCELONA, PORT OLÍMPIC",BARCELONA,26,"14,5","0,0","10,1",07:30,"18,9",15:00,28,"2,5","9,4",15:40,75,94,Varias,53,Varias
2025-01-23,0201D,"BARCELONA, PORT OLÍMPIC",BARCELONA,26,"14,3","0,0","12,1",23:59,"16,5",08:50,28,"1,4","6,7",00:10,89,93,Varias,62,Varias
2025-01-24,0201D,"BARCELONA, PORT OLÍMPIC",BARCELONA,26,"14,6","0,0","9,1",06:00,"20,2",14:00,24,"2,8","8,9",15:30,81,93,Varias,59,14:50
2025-01-25,0201D,"BARCELONA, PORT OLÍMPIC",BARCELONA,26,"14,6","0,0","11,0",04:40,"18,2",15:30,99,"3,3","9,7",15:50,82,93,Varias,53,15:50
2025-01-26,0201D,"BARCELONA, PORT OLÍMPIC",BARCELONA,26,"14,2","0,0","11,0",06:10,"17,4",12:20,24,"3,6","11,1",13:40,74,89,16:30,52,12:10
2025-01-27,0201D,"BARCELONA, PORT OLÍMPIC",BARCELONA,26,"16,9","0,6","13,8",00:50,"20,0",15:40,27,"6,4","17,5",21:40,76,91,19:40,53,23:59
2025-01-28,0201D,"BARCELONA, PORT OLÍMPIC",BARCELONA,26,"13,3","0,0","11,4",07:00,"15,2",14:40,32,"5,6","16,4",04:50,47,60,22:40,40,15:00
2025-01-29,0201D,"BARCELONA, PORT OLÍMPIC",BARCELONA,26,"12,6","0,0","10,1",06:00,"15,0",13:20,31,"4,2","13,3",03:00,63,82,19:20,49,Varias
2025-01-30,0201D,"BARCELONA, PORT OLÍMPIC",BARCELONA,26,"12,5","0,0","9,9",07:00,"15,1",13:40,31,"2,8","13,1",11:50,62,80,Varias,51,13:40
2025-01-31,0201D,"BARCELONA, PORT OLÍMPIC",BARCELONA,26,"11,2","0,0","8,2",06:00,"14,2",15:00,28,"1,9","6,9",15:40,68,80,Varias,56,15:00
2025-02-01,0201D,"BARCELONA, PORT OLÍMPIC",BARCELONA,26,"9,0","7,2","7,0",05:40,"11,0",16:50,10,"1,7","10,0",Varias,83,95,10:00,75,06:10
2025-02-02,0201D,"BARCELONA, PORT OLÍMPIC",BARCELONA,26,"11,0","0,0","7,9",03:00,"14,2",12:10,13,"1,9","5,3",14:30,80,92,03:00,62,11:20
2025-02-03,0201D,"BARCELONA, PORT OLÍMPIC",BARCELONA,26,"11,6","0,0","7,1",07:30,"16,2",12:10,99,"3,1","5,8",Varias,66,81,17:10,50,11:00
2025-02-04,0201D,"BARCELONA, PORT OLÍMPIC",BARCELONA,26,"11,0","0,0","6,0",06:10,"16,0",13:20,21,"2,8","6,7",14:00,79,91,20:20,55,10:30
2025-02-05,0201D,"BARCELONA, PORT OLÍMPIC",BARCELONA,26,"11,0","0,0","6,6",04:40,"15,3",10:50,36,"2,8","5,0",04:30,83,92,Varias,59,10:50
2025-02-06,0201D,"BARCELONA, PORT OLÍMPIC",BARCELONA,26,"10,2","0,0","6,6",07:00,"13,8",12:50,36,"2,2","4,7",08:30,86,92,Varias,79,11:40
2025-02-07,0201D,"BARCELONA, PORT OLÍMPIC",BARCELONA,26,"11,0","6,6","8,9",07:40,"13,2",13:20,20,"3,9","13,9",23:30,86,94,23:59,80,14:50
2025-02-08,0201D,"BARCELONA, PORT OLÍMPIC",BARCELONA,26,"10,4","0,0","7,1",23:59,"13,6",03:30,21,"2,5","16,1",03:10,82,94,Varias,67,13:50
2025-02-09,0201D,"BARCELONA, PORT OLÍMPIC",BARCELONA,26,"10,0","0,0","5,7",07:00,"14,3",15:10,22,"2,2","5,8",17:00,79,90,Varias,71,Varias
2025-02-10,0201D,"BARCELONA, PORT OLÍMPIC",BARCELONA,26,"11,4","0,0","8,6",04:00,"14,3",15:00,24,"2,8","8,1",16:00,90,93,Varias,82,Varias
2025-02-11,0201D,"BARCELONA, PORT OLÍMPIC",BARCELONA,26,"12,9","0,0","11,1",23:59,"14,7",10:20,21,"3,1","7,8",13:50,91,94,Varias,86,09:50
2025-02-12,0201D,"BARCELONA, PORT OLÍMPIC",BARCELONA,26,"11,4","26,1","9,4",05:20,"13,5",12:10,06,"1,7","8,3",20:20,93,95,Varias,87,Varias
2025-02-13,0201D,"BARCELONA, PORT OLÍMPIC",BARCELONA,26,"13,6","0,0","11,1",02:00,"16,0",12:20,21,"1,7","7,2",14:50,83,92,Varias,74,11:30
2025-02-14,0201D,"BARCELONA, PORT OLÍMPIC",BARCELONA,26,"12,8","0,0","9,3",07:00,"16,3",13:40,99,"1,7","4,2",Varias,85,92,Varias,73,12:00
2025-02-15,0201D,"BARCELONA, PORT OLÍMPIC",BARCELONA,26,"11,6","0,0","10,6",09:10,"12,6",05:00,11,"3,6","9,2",05:10,76,91,02:00,67,13:30
2025-02-16,0201D,"BARCELONA, PORT OLÍMPIC",BARCELONA,26,"13,8","0,0","11,6",05:50,"16,1",15:00,22,"2,5","7,2",14:10,90,93,Varias,79,14:20
2025-02-17,0201D,"BARCELONA, PORT OLÍMPIC",BARCELONA,26,,"0,0",,,,,,,,,,,,,
2025-02-18,0201D,"BARCELONA, PORT OLÍMPIC",BARCELONA,26,"12,8","0,0","10,2",04:50,"15,3",14:30,03,"1,7","3,9",04:50,92,94,Varias,89,09:00
2025-02-19,0201D,"BARCELONA, PORT OLÍMPIC",BARCELONA,26,"12,6","0,0","10,3",06:30,"14,9",12:00,08,"5,8","9,4",17:30,94,94,Varias,88,09:40
2025-02-20,0201D,"BARCELONA, PORT OLÍMPIC",BARCELONA,26,"13,6","0,0","12,4",05:50,"14,9",14:00,09,"3,1","6,1",04:00,91,93,Varias,86,14:50
2025-02-21,0201D,"BARCELONA, PORT OLÍMPIC",BARCELONA,26,"12,9","0,1","12,1",Varias,"13,7",16:10,23,"1,9","4,7",11:30,93,95,Varias,90,07:00
2025-02-22,0201D,"BARCELONA, PORT OLÍMPIC",BARCELONA,26,"13,8","0,2","12,6",23:59,"15,1",10:50,24,"2,5","6,9",04:10,94,94,Varias,86,22:00
2025-02-23,0201D,"BARCELONA, PORT OLÍMPIC",BARCELONA,26,"13,2","0,5","11,2",23:59,"15,3",13:20,34,"1,4","5,6",08:50,87,93,Varias,79,12:50
2025-02-24,0201D,"BARCELONA, PORT OLÍMPIC",BARCELONA,26,"13,0","0,0","9,0",05:20,"17,0",11:50,28,"2,8","10,8",15:50,87,93,Varias,69,10:40
2025-02-25,0201D,"BARCELONA, PORT OLÍMPIC",BARCELONA,26,"13,6","0,1","10,3",21:20,"16,9",10:00,09,"2,8","11,4",20:50,86,93,Varias,54,09:50
2025-02-26,0201D,"BARCELONA, PORT OLÍMPIC",BARCELONA,26,"11,7","0,0","8,0",06:50,"15,4",11:30,28,"3,9","8,6",06:50,73,91,00:00,47,11:20
2025-02-27,0201D,"BARCELONA, PORT OLÍMPIC",BARCELONA,26,"11,9","0,0","8,2",Varias,"15,6",13:30,21,"2,5","5,3",16:50,88,93,Varias,75,09:20
2025-02-28,0201D,"BARCELONA, PORT OLÍMPIC",BARCELONA,26,"12,4","0,0","9,8",05:40,"14,9",14:00,09,"3,9","8,6",11:00,84,93,Varias,74,Varias
2025-03-01,0201D,"BARCELONA, PORT OLÍMPIC",BARCELONA,26,"11,2","0,0","8,7",06:40,"13,7",14:00,10,"5,8","11,4",16:40,75,89,Varias,49,23:59
2025-03-02,0201D,"BARCELONA, PORT OLÍMPIC",BARCELONA,26,"12,4","0,0","10,7",06:30,"14,2",12:30,08,"6,4","15,6",14:20,74,82,17:50,48,01:50
2025-03-03,0201D,"BARCELONA, PORT OLÍMPIC",BARCELONA,26,"12,9","2,1","12,3",05:30,"13,5",11:00,09,"6,4","15,8",14:40,89,94,14:30,78,00:00
2025-03-04,0201D,"BARCELONA, PORT OLÍMPIC",BARCELONA,26,"13,0","0,0","11,6",04:00,"14,3",14:20,08,"6,1","10,8",18:50,91,93,Varias,81,16:40
2025-03-05,0201D,"BARCELONA, PORT OLÍMPIC",BARCELONA,26,"12,2","0,0","10,2",06:40,"14,3",11:30,09,"7,8","13,9",13:00,88,92,Varias,77,08:30
2025-03-06,0201D,"BARCELONA, PORT OLÍMPIC",BARCELONA,26,"12,8","6,0","11,2",23:30,"14,4",10:40,10,"8,3","13,1",22:30,93,95,Varias,86,Varias
2025-03-07,0201D,"BARCELONA, PORT OLÍMPIC",BARCELONA,26,"12,4","20,2","11,7",,"13,2",23:59,08,"6,7","11,7",01:20,93,95,Varias,85,02:20
2025-03-08,0201D,"BARCELONA, PORT OLÍMPIC",BARCELONA,26,"13,9","20,8","13,1",Varias,"14,7",11:00,09,"5,0","12,2",22:40,94,95,Varias,93,Varias
2025-03-09,0201D,"BARCELONA, PORT OLÍMPIC",BARCELONA,26,"13,4","0,0","11,6",04:30,"15,1",12:00,09,"2,5","14,2",03:10,86,95,Varias,76,17:00
2025-03-10,0201D,"BARCELONA, PORT OLÍMPIC",BARCELONA,26,"13,2","0,0","9,9",05:30,"16,6",12:20,20,"2,8","6,4",14:00,87,93,Varias,81,00:00
2025-03-11,0201D,"BARCELONA, PORT OLÍMPIC",BARCELONA,26,"13,6","0,0","10,6",03:00,"16,6",11:50,24,"2,5","10,0",16:40,86,91,Varias,76,11:40
2025-03-12,0201D,"BARCELONA, PORT OLÍMPIC",BARCELONA,26,"13,0","0,4","10,4",23:59,"15,7",13:10,22,"3,3","7,8",12:10,80,91,02:50,66,13:10
2025-03-13,0201D,"BARCELONA, PORT OLÍMPIC",BARCELONA,26,"10,8","6,0","8,5",23:59,"13,2",12:00,10,"6,9","12,8",17:10,88,92,Varias,80,16:20
2025-03-14,0201D,"BARCELONA, PORT OLÍMPIC",BARCELONA,26,"8,4","10,8","7,5",04:20,"9,3",14:00,07,"3,1","6,1",13:20,93,93,Varias,87,23:50
2025-03-15,0201D,"BARCELONA, PORT OLÍMPIC",BARCELONA,26,"10,4","0,0","7,3",07:50,"13,6",16:30,09,"3,9","11,1",20:00,64,89,Varias,43,17:50
2025-03-16,0201D,"BARCELONA, PORT OLÍMPIC",BARCELONA,26,"9,8","1,0","6,3",06:00,"13,4",12:00,34,"2,5","6,1",23:20,71,91,20:50,48,10:10
2025-03-17,0201D,"BARCELONA, PORT OLÍMPIC",BARCELONA,26,"10,8","0,0","8,2",06:30,"13,4",10:20,35,"2,5","6,1",01:20,77,89,00:00,64,10:50
2025-03-18,0201D,"BARCELONA, PORT OLÍMPIC",BARCELONA,26,"10,3","2,2","7,4",06:00,"13,2",14:30,08,"6,1","10,6",22:30,85,93,Varias,77,12:30
2025-03-19,0201D,"BARCELONA, PORT OLÍMPIC",BARCELONA,26,"12,8","2,9","12,0",03:00,"13,7",15:50,13,"8,6","11,7",18:30,94,94,Varias,93,Varias
2025-03-20,0201D,"BARCELONA, PORT OLÍMPIC",BARCELONA,26,"13,1","0,1","12,6",11:10,"13,6",23:59,08,"9,4","14,2",10:50,94,95,Varias,93,Varias
2025-03-21,0201D,"BARCELONA, PORT OLÍMPIC",BARCELONA,26,"13,1","5,9","11,9",23:59,"14,3",16:40,26,"4,4","17,2",12:00,90,95,Varias,86,13:10
2025-03-22,0201D,"BARCELONA, PORT OLÍMPIC",BARCELONA,26,"13,4","0,6","10,3",05:50,"16,6",13:00,26,"2,5","11,1",17:00,70,94,07:00,49,14:00
2025-03-23,0201D,"BARCELONA, PORT OLÍMPIC",BARCELONA,26,"11,8","5,8","9,7",13:40,"13,9",12:10,08,"5,3","13,1",06:40,84,92,Varias,73,17:30
2025-03-24,0201D,"BARCELONA, PORT OLÍMPIC",BARCELONA,26,"12,4","0,0","9,1",Varias,"15,7",11:20,99,"3,3","7,5",Varias,83,92,Varias,62,10:50
2025-03-25,0201D,"BARCELONA, PORT OLÍMPIC",BARCELONA,26,"12,8","0,6","9,9",05:30,"15,7",11:30,22,"1,9","7,2",14:40,82,91,04:50,69,21:20
2025-03-26,0201D,"BARCELONA, PORT OLÍMPIC",BARCELONA,26,"15,2","0,7","11,3",06:40,"19,0",11:20,35,"3,1","6,7",06:40,78,90,Varias,51,10:50
2025-03-27,0201D,"BARCELONA, PORT OLÍMPIC",BARCELONA,26,"14,0","0,0","11,2",06:30,"16,7",10:00,20,"3,3","8,1",13:30,80,92,21:50,59,10:00
2025-03-28,0201D,"BARCELONA, PORT OLÍMPIC",BARCELONA,26,"14,1","0,0","11,4",03:40,"16,8",11:50,34,"3,1","6,7",08:40,82,92,00:30,59,09:40
2025-03-29,0201D,"BARCELONA, PORT OLÍMPIC",BARCELONA,26,"15,3","0,0","11,3",05:10,"19,3",15:30,34,"4,2","15,8",10:40,49,81,00:30,20,13:30
2025-03-30,0201D,"BARCELONA, PORT OLÍMPIC",BARCELONA,26,"14,4","0,0","11,3",05:40,"17,6",09:40,99,"3,9","7,5",12:30,67,93,Varias,35,00:00
2025-03-31,0201D,"BARCELONA, PORT OLÍMPIC",BARCELONA,26,"14,9","0,0","11,5",01:00,"18,3",10:30,33,"1,9","5,8",03:50,68,93,00:00,46,07:30
2025-04-01,0201D,"BARCELONA, PORT OLÍMPIC",BARCELONA,26,"14,4","0,1","11,2",05:00,"17,5",11:00,09,"3,9","8,3",20:50,77,93,Varias,53,09:40
2025-04-02,0201D,"BARCELONA, PORT OLÍMPIC",BARCELONA,26,"12,8","1,8","11,3",13:00,"14,2",09:30,20,"6,9","10,3",12:30,86,93,Varias,78,14:00
2025-04-03,0201D,"BARCELONA, PORT OLÍMPIC",BARCELONA,26,"14,1","0,0","12,4",05:00,"15,8",10:40,08,"7,5","13,6",22:00,90,93,Varias,80,22:50
2025-04-04,0201D,"BARCELONA, PORT OLÍMPIC",BARCELONA,26,"15,5","0,0","14,1",01:00,"16,9",11:00,08,"10,0","14,7",09:20,79,91,21:50,62,05:00
2025-04-05,0201D,"BARCELONA, PORT OLÍMPIC",BARCELONA,26,"14,2","0,0","12,1",21:30,"16,2",08:40,99,"3,3","8,1",Varias,92,95,Varias,87,08:30
2025-04-06,0201D,"BARCELONA, PORT OLÍMPIC",BARCELONA,26,"18,6","0,0","12,7",02:00,"24,5",14:00,24,"3,3","12,2",15:30,64,95,00:00,37,15:30
2025-04-07,0201D,"BARCELONA, PORT OLÍMPIC",BARCELONA,26,"16,4","0,0","13,8",23:59,"19,1",08:20,99,"1,9","5,0",Varias,80,92,Varias,66,07:10
2025-04-08,0201D,"BARCELONA, PORT OLÍMPIC",BARCELONA,26,"15,6","0,0","13,0",03:00,"18,3",11:20,17,"2,5","4,4",11:50,88,94,Varias,81,07:40
2025-04-09,0201D,"BARCELONA, PORT OLÍMPIC",BARCELONA,26,"14,8","0,0","12,5",05:00,"17,1",12:00,21,"2,5","6,7",13:40,91,94,00:00,85,Varias
2025-04-10,0201D,"BARCELONA, PORT OLÍMPIC",BARCELONA,26,"16,4","0,0","14,1",22:50,"18,8",13:00,99,"3,1","5,8",07:50,89,94,08:10,83,Varias
2025-04-11,0201D,"BARCELONA, PORT OLÍMPIC",BARCELONA,26,"15,8","0,1","12,8",05:40,"18,8",15:00,09,"1,9","9,2",22:40,88,92,Varias,83,Varias
2025-04-12,0201D,"BARCELONA, PORT OLÍMPIC",BARCELONA,26,"15,7","0,0","12,8",05:50,"18,6",11:30,99,"1,1","6,7",14:50,90,93,Varias,87,Varias
2025-04-13,0201D,"BARCELONA, PORT OLÍMPIC",BARCELONA,26,"16,8","0,0","14,1",05:00,"19,5",12:40,08,"1,9","6,1",23:20,89,93,Varias,83,Varias
2025-04-14,0201D,"BARCELONA, PORT OLÍMPIC",BARCELONA,26,"17,0","0,0","14,8",05:40,"19,3",12:00,22,"2,8","7,2",19:40,90,93,Varias,84,Varias
2025-04-15,0201D,"BARCELONA, PORT OLÍMPIC",BARCELONA,26,"16,0","0,0","13,0",23:10,"19,0",08:30,23,"4,2","10,0",15:40,86,94,05:00,64,19:30
2025-04-16,0201D,"BARCELONA, PORT OLÍMPIC",BARCELONA,26,"13,3","0,0","11,3",07:20,"15,3",11:00,33,"3,1","7,8",01:20,75,87,22:30,66,Varias
2025-04-17,0201D,"BARCELONA, PORT OLÍMPIC",BARCELONA,26,"15,4","0,0","10,1",05:50,"20,8",17:30,22,"2,5","9,4",14:50,54,89,20:30,37,17:30
2025-04-18,0201D,"BARCELONA, PORT OLÍMPIC",BARCELONA,26,"15,0","0,3","11,5",05:00,"18,5",10:50,23,"2,8","9,2",16:40,80,93,Varias,68,07:00
2025-04-19,0201D,"BARCELONA, PORT OLÍMPIC",BARCELONA,26,"16,4","0,6","13,6",23:59,"19,1",14:10,30,"4,4","12,5",15:30,79,94,Varias,52,15:30
2025-04-20,0201D,"BARCELONA, PORT OLÍMPIC",BARCELONA,26,"14,4","0,0","10,5",05:00,"18,3",09:30,24,"4,7","10,0",18:00,66,80,15:00,44,09:10
2025-04-21,0201D,"BARCELONA, PORT OLÍMPIC",BARCELONA,26,"14,8","0,0","12,1",02:20,"17,4",08:50,09,"3,9","9,2",03:20,80,90,03:20,70,18:30
2025-04-22,0201D,"BARCELONA, PORT OLÍMPIC",BARCELONA,26,"16,4","0,0","14,0",04:20,"18,7",09:00,21,"4,2","8,3",12:00,85,93,Varias,68,14:50
2025-04-23,0201D,"BARCELONA, PORT OLÍMPIC",BARCELONA,26,"16,0","0,0","13,3",05:00,"18,7",09:10,99,"4,4","10,3",Varias,73,93,00:00,58,15:20
2025-04-24,0201D,"BARCELONA, PORT OLÍMPIC",BARCELONA,26,"16,9","0,0","13,8",05:00,"20,0",11:10,02,"2,2","6,1",00:50,85,91,Varias,68,08:00
2025-04-25,0201D,"BARCELONA, PORT OLÍMPIC",BARCELONA,26,"16,6","0,0","15,0",05:30,"18,1",11:50,21,"3,3","7,2",14:20,88,91,Varias,85,08:50
2025-04-26,0201D,"BARCELONA, PORT OLÍMPIC",BARCELONA,26,"15,7","10,8","13,6",23:50,"17,8",16:50,08,"3,9","7,2",07:30,91,94,Varias,85,09:10
2025-04-27,0201D,"BARCELONA, PORT OLÍMPIC",BARCELONA,26,"16,0","1,1","12,6",06:00,"19,5",09:50,25,"2,5","5,6",03:30,83,93,Varias,72,09:30
2025-04-28,0201D,"BARCELONA, PORT OLÍMPIC",BARCELONA,26,"18,0","0,0","14,3",05:30,"21,8",09:50,35,"3,1","5,8",03:50,81,93,Varias,58,10:20
2025-04-29,0201D,"BARCELONA, PORT OLÍMPIC",BARCELONA,26,"16,7","0,0","13,4",05:00,"20,0",12:40,99,"3,1","5,8",15:50,87,93,Varias,82,Varias
2025-04-30,0201D,"BARCELONA, PORT OLÍMPIC",BARCELONA,26,"16,8","0,0","14,3",05:40,"19,4",13:20,11,"4,2","8,3",09:50,86,93,Varias,78,23:59
2025-05-01,0201D,"BARCELONA, PORT OLÍMPIC",BARCELONA,26,"17,8","0,0","15,1",03:00,"20,4",08:40,09,"6,4","9,7",13:00,76,89,Varias,55,08:20
2025-05-02,0201D,"BARCELONA, PORT OLÍMPIC",BARCELONA,26,"17,4","5,7","15,1",10:40,"19,7",14:00,07,"6,7","11,1",13:00,80,92,10:20,65,13:00
2025-05-03,0201D,"BARCELONA, PORT OLÍMPIC",BARCELONA,26,"19,6","0,0","16,2",21:20,"22,9",13:20,99,"3,1","7,5",Varias,88,94,Varias,79,13:10
2025-05-04,0201D,"BARCELONA, PORT OLÍMPIC",BARCELONA,26,"19,1","0,7","16,5",00:30,"21,7",17:30,24,"4,2","10,8",16:10,81,94,Varias,60,17:30
2025-05-05,0201D,"BARCELONA, PORT OLÍMPIC",BARCELONA,26,"17,8","29,6","14,2",21:00,"21,4",10:20,06,"2,5","8,9",16:40,84,93,Varias,65,10:00
2025-05-06,0201D,"BARCELONA, PORT OLÍMPIC",BARCELONA,26,"13,6","5,2","10,8",22:30,"16,3",16:30,21,"3,3","8,6",15:50,82,92,Varias,68,04:00
2025-05-07,0201D,"BARCELONA, PORT OLÍMPIC",BARCELONA,26,"14,6","0,0","11,0",04:20,"18,2",17:10,99,"4,7","8,3",11:50,72,93,00:00,58,15:20
2025-05-08,0201D,"BARCELONA, PORT OLÍMPIC",BARCELONA,26,"15,9","12,0","12,5",05:00,"19,3",15:30,22,"3,9","8,9",14:30,78,89,Varias,62,08:20
2025-05-09,0201D,"BARCELONA, PORT OLÍMPIC",BARCELONA,26,"16,4","0,0","13,8",06:00,"18,9",16:50,99,"3,6","7,2",Varias,89,94,04:00,86,Varias
2025-05-10,0201D,"BARCELONA, PORT OLÍMPIC",BARCELONA,26,"18,1","1,9","15,7",05:00,"20,5",10:50,10,"5,0","8,9",14:50,91,93,Varias,86,12:40
2025-05-11,0201D,"BARCELONA, PORT OLÍMPIC",BARCELONA,26,"18,2","0,0","14,0",02:00,"22,3",16:50,30,"3,6","11,1",15:20,88,93,Varias,43,16:40
2025-05-12,0201D,"BARCELONA, PORT OLÍMPIC",BARCELONA,26,"17,0","0,0","14,1",04:00,"20,0",09:20,18,"3,1","6,7",12:10,81,91,Varias,74,13:00
2025-05-13,0201D,"BARCELONA, PORT OLÍMPIC",BARCELONA,26,"17,0","0,0","14,2",04:50,"19,8",17:10,21,"3,3","7,8",12:20,87,92,02:30,79,07:20
2025-05-14,0201D,"BARCELONA, PORT OLÍMPIC",BARCELONA,26,"17,4","0,0","14,3",04:50,"20,4",10:10,11,"4,4","7,5",11:50,88,92,Varias,82,06:40
2025-05-15,0201D,"BARCELONA, PORT OLÍMPIC",BARCELONA,26,"18,2","0,0","14,8",03:00,"21,5",08:30,21,"4,4","9,4",13:30,77,92,Varias,63,09:10
2025-05-16,0201D,"BARCELONA, PORT OLÍMPIC",BARCELONA,26,"20,2","0,0","17,7",05:00,"22,7",09:10,22,"3,3","9,2",13:50,73,87,15:40,50,09:00
2025-05-17,0201D,"BARCELONA, PORT OLÍMPIC",BARCELONA,26,"19,6","0,0","16,8",05:00,"22,3",09:50,24,"4,4","10,0",15:20,69,91,21:30,60,02:00
2025-05-18,0201D,"BARCELONA, PORT OLÍMPIC",BARCELONA,26,"19,8","0,0","16,1",04:10,"23,4",15:50,23,"4,7","11,7",15:40,76,94,20:40,52,17:40
2025-05-19,0201D,"BARCELONA, PORT OLÍMPIC",BARCELONA,26,"19,6","0,0","16,3",03:40,"23,0",14:20,27,"2,5","11,7",22:40,74,93,03:10,56,07:30
2025-05-20,0201D,"BARCELONA, PORT OLÍMPIC",BARCELONA,26,"20,5","1,1","16,0",05:00,"25,0",11:20,30,"3,3","9,7",00:50,81,93,21:40,48,10:50
2025-05-21,0201D,"BARCELONA, PORT OLÍMPIC",BARCELONA,26,"20,0","0,4","16,6",05:00,"23,3",16:40,23,"4,4","9,7",16:20,66,91,Varias,52,17:00
2025-05-22,0201D,"BARCELONA, PORT OLÍMPIC",BARCELONA,26,"17,2","0,4","15,4",10:30,"19,0",12:00,12,"3,1","10,3",08:30,80,93,Varias,74,Varias
2025-05-23,0201D,"BARCELONA, PORT OLÍMPIC",BARCELONA,26,"18,6","0,0","15,4",04:20,"21,9",14:00,21,"3,9","10,3",15:20,76,91,03:40,62,08:30
2025-05-24,0201D,"BARCELONA, PORT OLÍMPIC",BARCELONA,26,"19,0","0,0","15,7",04:00,"22,3",11:00,20,"3,1","6,1",13:50,83,93,Varias,67,09:50
2025-05-25,0201D,"BARCELONA, PORT OLÍMPIC",BARCELONA,26,"18,8","0,0","16,5",04:50,"21,1",13:40,21,"2,8","6,4",13:40,87,93,Varias,81,06:50
2025-05-26,0201D,"BARCELONA, PORT OLÍMPIC",BARCELONA,26,"19,6","0,0","16,2",01:00,"23,1",10:50,20,"3,9","8,3",15:20,89,93,00:00,80,01:20
2025-05-27,0201D,"BARCELONA, PORT OLÍMPIC",BARCELONA,26,"20,0","0,0","17,4",05:00,"22,5",10:20,21,"3,1","7,8",16:40,87,93,17:30,82,19:10
2025-05-28,0201D,"BARCELONA, PORT OLÍMPIC",BARCELONA,26,"20,6","0,0","17,9",04:50,"23,2",08:10,99,"3,1","7,8",09:40,86,93,Varias,72,08:00
2025-05-29,0201D,"BARCELONA, PORT OLÍMPIC",BARCELONA,26,"21,6","0,0","18,2",04:10,"25,0",08:30,21,"3,3","7,2",15:30,89,92,Varias,76,08:00
2025-05-30,0201D,"BARCELONA, PORT OLÍMPIC",BARCELONA,26,"22,4","0,0","19,3",04:30,"25,4",08:40,21,"3,6","8,1",16:10,79,90,Varias,61,21:20
2025-05-31,0201D,"BARCELONA, PORT OLÍMPIC",BARCELONA,26,"23,2","0,0","20,5",04:00,"25,8",15:20,27,"2,2","8,6",22:40,87,91,Varias,65,00:00
2025-06-01,0201D,"BARCELONA, PORT OLÍMPIC",BARCELONA,26,"24,2","0,0","21,1",22:30,"27,2",15:50,21,"4,7","9,7",13:10,85,93,Varias,43,16:00
2025-06-02,0201D,"BARCELONA, PORT OLÍMPIC",BARCELONA,26,"22,4","0,0","19,9",04:20,"25,0",09:30,08,"5,3","11,4",18:10,86,93,Varias,65,09:20
2025-06-03,0201D,"BARCELONA, PORT OLÍMPIC",BARCELONA,26,"22,0","0,0","19,3",04:00,"24,7",10:30,09,"4,4","8,6",17:20,80,93,Varias,62,07:10
2025-06-04,0201D,"BARCELONA, PORT OLÍMPIC",BARCELONA,26,"23,7","0,0","19,9",04:00,"27,5",11:10,21,"5,8","10,6",14:10,86,93,Varias,53,10:30
2025-06-05,0201D,"BARCELONA, PORT OLÍMPIC",BARCELONA,26,"22,2","0,0","19,9",05:00,"24,5",11:50,09,"3,9","7,5",00:10,88,93,Varias,75,10:00
2025-06-06,0201D,"BARCELONA, PORT OLÍMPIC",BARCELONA,26,"22,0","0,0","19,5",04:00,"24,5",10:00,20,"3,6","6,9",15:20,88,94,Varias,82,06:50
2025-06-07,0201D,"BARCELONA, PORT OLÍMPIC",BARCELONA,26,"22,4","0,0","19,6",02:50,"25,3",14:50,19,"2,5","5,8",10:20,82,92,Varias,63,06:10
2025-06-08,0201D,"BARCELONA, PORT OLÍMPIC",BARCELONA,26,"22,0","0,0","20,4",22:00,"23,5",07:30,20,"4,2","6,7",12:50,87,90,Varias,84,06:50
2025-06-09,0201D,"BARCELONA, PORT OLÍMPIC",BARCELONA,26,"22,1","0,0","19,6",04:30,"24,6",08:10,20,"4,7","8,6",15:50,86,90,Varias,79,08:00
2025-06-10,0201D,"BARCELONA, PORT OLÍMPIC",BARCELONA,26,"25,1","0,0","21,7",02:50,"28,5",09:00,21,"4,2","9,7",14:30,85,93,05:10,70,16:20
2025-06-11,0201D,"BARCELONA, PORT OLÍMPIC",BARCELONA,26,"26,0","0,0","22,0",21:40,"30,0",13:10,22,"3,6","10,3",16:20,62,93,Varias,52,17:20
2025-06-12,0201D,"BARCELONA, PORT OLÍMPIC",BARCELONA,26,"23,2","0,0","21,3",05:00,"25,1",15:10,09,"5,3","8,3",12:30,89,93,Varias,73,00:00
2025-06-13,0201D,"BARCELONA, PORT OLÍMPIC",BARCELONA,26,"24,0","0,0","21,8",03:20,"26,1",16:20,08,"5,0","8,9",07:50,90,94,21:50,86,16:20
2025-06-14,0201D,"BARCELONA, PORT OLÍMPIC",BARCELONA,26,"24,6","0,0","21,9",02:50,"27,4",16:00,08,"3,9","7,2",06:50,89,93,Varias,78,20:50
2025-06-15,0201D,"BARCELONA, PORT OLÍMPIC",BARCELONA,26,"24,8","0,0","22,9",04:00,"26,6",16:00,10,"5,0","10,6",03:30,88,93,00:00,85,Varias
2025-06-16,0201D,"BARCELONA, PORT OLÍMPIC",BARCELONA,26,"25,3","0,0","22,4",01:20,"28,2",07:40,21,"4,7","10,6",11:10,77,90,Varias,58,07:20
2025-06-17,0201D,"BARCELONA, PORT OLÍMPIC",BARCELONA,26,"24,6","0,0","21,9",04:30,"27,4",15:00,20,"2,5","5,0",12:30,86,91,22:10,73,09:00
2025-06-18,0201D,"BARCELONA, PORT OLÍMPIC",BARCELONA,26,"26,2","0,0","22,9",04:00,"29,4",07:40,13,"2,5","6,4",14:50,70,91,02:50,53,07:30
2025-06-19,0201D,"BARCELONA, PORT OLÍMPIC",BARCELONA,26,"25,6","0,0","23,1",03:20,"28,1",07:50,21,"4,2","7,8",12:20,71,91,10:30,57,18:10
2025-06-20,0201D,"BARCELONA, PORT OLÍMPIC",BARCELONA,26,"27,1","0,0","24,2",02:00,"30,0",13:30,21,"4,4","11,4",15:40,69,90,22:20,49,15:50
2025-06-21,0201D,"BARCELONA, PORT OLÍMPIC",BARCELONA,26,"26,6","0,0","24,3",04:20,"28,9",07:50,21,"4,4","9,7",11:10,80,93,09:10,58,07:30
2025-06-22,0201D,"BARCELONA, PORT OLÍMPIC",BARCELONA,26,"26,8","0,0","23,6",03:30,"30,1",19:00,27,"5,0","13,9",20:00,76,92,Varias,43,19:00
2025-06-23,0201D,"BARCELONA, PORT OLÍMPIC",BARCELONA,26,"26,6","0,0","24,7",04:00,"28,6",19:10,22,"3,6","9,7",15:20,73,90,Varias,51,19:00
2025-06-24,0201D,"BARCELONA, PORT OLÍMPIC",BARCELONA,26,"26,8","0,0","23,0",05:00,"30,5",11:50,21,"4,7","9,4",12:50,81,94,20:10,51,02:10
2025-06-25,0201D,"BARCELONA, PORT OLÍMPIC",BARCELONA,26,"27,2","0,0","23,1",02:30,"31,4",09:30,22,"1,9","6,4",12:00,74,93,Varias,41,09:20
2025-06-26,0201D,"BARCELONA, PORT OLÍMPIC",BARCELONA,26,"26,2","0,0","24,3",04:00,"28,0",11:20,20,"4,2","8,3",13:30,82,89,02:00,63,22:30
2025-06-27,0201D,"BARCELONA, PORT OLÍMPIC",BARCELONA,26,"26,8","0,0","23,5",03:30,"30,1",11:30,22,"4,7","10,6",11:30,77,90,21:10,51,10:10
2025-06-28,0201D,"BARCELONA, PORT OLÍMPIC",BARCELONA,26,"27,6","0,0","24,8",01:50,"30,4",07:40,21,"3,6","8,3",13:00,82,92,Varias,62,07:30
2025-06-29,0201D,"BARCELONA, PORT OLÍMPIC",BARCELONA,26,"29,2","0,0","24,6",01:30,"33,8",11:00,35,"1,7","4,2",05:10,70,91,00:50,48,07:20
2025-06-30,0201D,"BARCELONA, PORT OLÍMPIC",BARCELONA,26,"28,6","0,0","25,5",02:00,"31,8",11:20,21,"3,1","6,7",16:30,78,90,01:10,52,11:40
2025-07-01,0201D,"BARCELONA, PORT OLÍMPIC",BARCELONA,26,"29,0","0,0","26,3",00:50,"31,7",09:20,34,"3,3","7,5",20:10,75,92,18:30,38,23:00
2025-07-02,0201D,"BARCELONA, PORT OLÍMPIC",BARCELONA,26,"28,5","0,0","25,5",04:30,"31,5",15:10,09,"1,9","5,0",11:20,69,92,Varias,44,07:40
2025-07-03,0201D,"BARCELONA, PORT OLÍMPIC",BARCELONA,26,"28,0","0,0","25,7",01:30,"30,4",16:00,22,"2,8","10,3",14:00,71,92,Varias,48,Varias
2025-07-04,0201D,"BARCELONA, PORT OLÍMPIC",BARCELONA,26,"28,0","0,0","25,4",04:00,"30,7",09:30,22,"3,3","8,3",16:40,72,88,13:40,51,19:40
2025-07-05,0201D,"BARCELONA, PORT OLÍMPIC",BARCELONA,26,"28,8","0,0","25,7",04:30,"31,9",10:30,10,"2,8","7,2",17:30,70,85,16:30,52,07:30
2025-07-06,0201D,"BARCELONA, PORT OLÍMPIC",BARCELONA,26,"26,3","0,0","22,6",23:00,"30,0",09:20,09,"5,6","13,9",18:20,80,92,20:40,70,06:20
2025-07-07,0201D,"BARCELONA, PORT OLÍMPIC",BARCELONA,26,"25,2","0,0","22,9",00:10,"27,4",10:50,13,"6,7","12,5",18:20,86,91,Varias,73,23:10
2025-07-08,0201D,"BARCELONA, PORT OLÍMPIC",BARCELONA,26,"23,6","0,0","21,6",05:20,"25,6",08:20,21,"5,6","11,9",12:50,74,90,02:00,57,Varias
2025-07-09,0201D,"BARCELONA, PORT OLÍMPIC",BARCELONA,26,"24,4","0,0","23,2",03:50,"25,6",12:30,22,"3,9","8,9",14:40,72,87,00:00,60,04:30
2025-07-10,0201D,"BARCELONA, PORT OLÍMPIC",BARCELONA,26,"25,6","0,0","23,6",Varias,"27,6",13:20,11,"3,6","10,0",09:40,77,92,07:50,60,13:20
2025-07-11,0201D,"BARCELONA, PORT OLÍMPIC",BARCELONA,26,"25,5","1,4","23,3",01:30,"27,7",12:50,22,"4,4","8,9",15:10,87,92,Varias,81,11:20
2025-07-12,0201D,"BARCELONA, PORT OLÍMPIC",BARCELONA,26,"24,0","5,2","19,3",15:10,"28,7",10:00,01,"4,2","12,8",13:50,83,94,15:00,72,Varias
2025-07-13,0201D,"BARCELONA, PORT OLÍMPIC",BARCELONA,26,"24,7","0,0","21,3",05:00,"28,1",09:10,99,"3,9","7,5",Varias,69,88,23:40,53,08:50
2025-07-14,0201D,"BARCELONA, PORT OLÍMPIC",BARCELONA,26,"27,0","0,0","23,1",05:00,"30,9",09:00,22,"4,2","8,6",14:10,84,92,18:50,54,08:50
2025-07-15,0201D,"BARCELONA, PORT OLÍMPIC",BARCELONA,26,"26,8","0,0","23,6",04:00,"30,0",10:20,22,"3,9","8,6",14:40,81,90,03:40,72,07:00
2025-07-16,0201D,"BARCELONA, PORT OLÍMPIC",BARCELONA,26,"26,8","0,0","24,5",05:00,"29,2",14:00,21,"3,6","10,3",14:10,81,90,Varias,62,13:50
2025-07-17,0201D,"BARCELONA, PORT OLÍMPIC",BARCELONA,26,"27,3","0,0","24,9",04:40,"29,7",11:00,21,"3,6","7,8",16:10,89,91,01:40,82,07:20
2025-07-18,0201D,"BARCELONA, PORT OLÍMPIC",BARCELONA,26,"28,0","0,1","25,5",05:00,"30,4",10:50,20,"3,3","6,7",16:40,88,92,Varias,76,08:50
2025-07-19,0201D,"BARCELONA, PORT OLÍMPIC",BARCELONA,26,"27,0","0,0","25,2",23:59,"28,7",10:50,09,"5,8","12,2",08:10,86,93,Varias,79,09:10
2025-07-20,0201D,"BARCELONA, PORT OLÍMPIC",BARCELONA,26,"27,6","0,0","25,3",00:20,"29,9",17:20,22,"5,8","10,3",14:40,84,91,Varias,72,Varias
2025-07-21,0201D,"BARCELONA, PORT OLÍMPIC",BARCELONA,26,"25,4","0,0","23,6",23:00,"27,3",11:40,10,"5,3","12,2",02:50,75,92,02:10,63,11:30
2025-07-22,0201D,"BARCELONA, PORT OLÍMPIC",BARCELONA,26,"24,9","0,0","22,8",05:00,"27,0",09:40,21,"4,2","9,4",14:50,81,91,20:20,74,06:30
2025-07-23,0201D,"BARCELONA, PORT OLÍMPIC",BARCELONA,26,"25,0","27,8","21,0",23:59,"28,9",14:40,10,"4,2","10,8",18:40,88,93,Varias,77,14:30
2025-07-24,0201D,"BARCELONA, PORT OLÍMPIC",BARCELONA,26,"20,5","4,5","18,7",04:00,"22,3",12:40,01,"1,7","8,1",01:30,87,95,03:30,70,11:30
2025-07-25,0201D,"BARCELONA, PORT OLÍMPIC",BARCELONA,26,"22,4","22,5","17,5",17:20,"27,4",10:40,14,"5,0","22,2",17:30,75,94,17:20,44,10:30
2025-07-26,0201D,"BARCELONA, PORT OLÍMPIC",BARCELONA,26,"23,7","0,0","20,0",03:10,"27,4",10:50,20,"4,4","8,9",14:10,67,91,Varias,57,18:40
2025-07-27,0201D,"BARCELONA, PORT OLÍMPIC",BARCELONA,26,"24,8","0,0","21,3",05:00,"28,4",15:50,11,"3,9","8,3",19:00,71,90,Varias,57,15:30
2025-07-28,0201D,"BARCELONA, PORT OLÍMPIC",BARCELONA,26,"24,9","1,6","22,4",05:40,"27,4",11:30,12,"3,9","8,6",08:40,77,90,Varias,68,15:50
2025-07-29,0201D,"BARCELONA, PORT OLÍMPIC",BARCELONA,26,"23,8","0,0","21,1",05:00,"26,5",14:20,12,"3,9","13,9",23:50,74,92,Varias,60,15:50
2025-07-30,0201D,"BARCELONA, PORT OLÍMPIC",BARCELONA,26,"24,2","0,0","21,8",00:30,"26,6",15:20,19,"3,6","11,4",00:30,68,90,00:00,60,16:00
2025-07-31,0201D,"BARCELONA, PORT OLÍMPIC",BARCELONA,26,"25,8","0,0","22,5",02:50,"29,0",11:40,22,"4,7","12,2",13:40,75,87,09:30,57,11:30
2025-08-01,0201D,"BARCELONA, PORT OLÍMPIC",BARCELONA,26,"25,4","0,0","22,7",05:00,"28,0",09:40,23,"4,4","10,8",16:20,83,90,04:30,74,11:30
2025-08-02,0201D,"BARCELONA, PORT OLÍMPIC",BARCELONA,26,"26,1","0,0","23,9",Varias,"28,3",12:50,08,"2,5","9,2",21:40,79,92,Varias,67,11:50
2025-08-03,0201D,"BARCELONA, PORT OLÍMPIC",BARCELONA,26,"24,8","0,0","22,5",05:10,"27,0",09:20,11,"4,7","9,2",05:30,67,92,Varias,54,10:30
2025-08-04,0201D,"BARCELONA, PORT OLÍMPIC",BARCELONA,26,"26,0","0,0","22,7",05:00,"29,3",13:50,22,"4,4","11,7",15:00,83,89,09:20,78,11:30
2025-08-05,0201D,"BARCELONA, PORT OLÍMPIC",BARCELONA,26,"26,8","0,0","23,8",04:20,"29,8",10:20,22,"2,5","6,9",14:50,74,90,19:30,55,18:20
2025-08-06,0201D,"BARCELONA, PORT OLÍMPIC",BARCELONA,26,"26,0","0,0","23,4",02:40,"28,6",10:30,21,"3,6","7,5",15:30,80,93,21:10,56,00:00
2025-08-07,0201D,"BARCELONA, PORT OLÍMPIC",BARCELONA,26,"26,7","0,0","24,1",05:00,"29,3",15:30,99,"1,9","5,0",Varias,83,92,Varias,75,Varias
2025-08-08,0201D,"BARCELONA, PORT OLÍMPIC",BARCELONA,26,"26,4","0,0","22,7",05:00,"30,0",14:40,10,"2,5","5,0",10:40,79,91,23:50,67,08:20
2025-08-09,0201D,"BARCELONA, PORT OLÍMPIC",BARCELONA,26,"26,6","0,0","23,3",05:30,"29,8",15:00,14,"2,2","5,6",11:50,81,91,00:00,74,06:50
2025-08-10,0201D,"BARCELONA, PORT OLÍMPIC",BARCELONA,26,"28,4","0,0","24,8",04:30,"32,0",17:50,21,"1,9","6,9",14:10,75,91,03:50,59,17:40
2025-08-11,0201D,"BARCELONA, PORT OLÍMPIC",BARCELONA,26,"30,2","0,0","27,1",Varias,"33,2",09:00,35,"1,7","5,3",02:20,74,92,Varias,57,00:40
2025-08-12,0201D,"BARCELONA, PORT OLÍMPIC",BARCELONA,26,"28,8","0,0","26,0",04:40,"31,6",11:10,08,"1,9","5,3",07:30,77,93,Varias,69,13:20
2025-08-13,0201D,"BARCELONA, PORT OLÍMPIC",BARCELONA,26,"28,2","0,0","25,1",02:50,"31,2",11:40,23,"3,6","8,1",16:20,81,92,Varias,58,17:10
2025-08-14,0201D,"BARCELONA, PORT OLÍMPIC",BARCELONA,26,"28,8","0,0","25,3",05:00,"32,3",13:50,21,"3,6","8,9",12:40,66,92,Varias,46,13:40
2025-08-15,0201D,"BARCELONA, PORT OLÍMPIC",BARCELONA,26,"29,2","0,0","26,1",00:10,"32,2",08:30,14,"1,7","5,6",10:20,70,91,19:10,43,21:40
2025-08-16,0201D,"BARCELONA, PORT OLÍMPIC",BARCELONA,26,"31,7","0,0","25,7",19:20,"37,7",09:40,20,"1,9","6,1",13:30,63,93,19:00,34,09:20
2025-08-17,0201D,"BARCELONA, PORT OLÍMPIC",BARCELONA,26,"30,6","0,0","27,1",00:20,"34,2",08:50,08,"2,5","6,9",04:30,74,90,Varias,41,08:50
2025-08-18,0201D,"BARCELONA, PORT OLÍMPIC",BARCELONA,26,"28,6","0,0","25,6",04:50,"31,6",11:40,09,"1,7","6,7",16:30,71,92,Varias,46,09:20
2025-08-19,0201D,"BARCELONA, PORT OLÍMPIC",BARCELONA,26,"26,4","0,2","24,2",22:00,"28,7",08:40,13,"4,4","13,9",08:10,85,92,20:10,47,08:40
2025-08-20,0201D,"BARCELONA, PORT OLÍMPIC",BARCELONA,26,"24,2","6,7","20,7",22:40,"27,7",11:10,09,"3,6","9,2",02:10,80,93,13:30,63,11:10
2025-08-21,0201D,"BARCELONA, PORT OLÍMPIC",BARCELONA,26,"24,6","0,0","20,6",01:10,"28,5",12:00,11,"4,2","8,3",18:10,70,92,00:30,48,12:10
2025-08-22,0201D,"BARCELONA, PORT OLÍMPIC",BARCELONA,26,"24,9","9,5","21,7",03:40,"28,1",10:20,20,"4,2","8,9",14:10,80,94,Varias,61,09:10
2025-08-23,0201D,"BARCELONA, PORT OLÍMPIC",BARCELONA,26,"24,8","0,0","21,9",04:10,"27,6",08:50,21,"4,7","10,0",14:50,84,92,00:00,71,Varias
2025-08-24,0201D,"BARCELONA, PORT OLÍMPIC",BARCELONA,26,"25,4","0,0","22,3",05:40,"28,5",09:50,23,"3,6","7,8",17:10,85,91,16:20,79,09:50
2025-08-25,0201D,"BARCELONA, PORT OLÍMPIC",BARCELONA,26,"26,6","1,1","24,4",06:00,"28,7",15:00,24,"1,9","8,9",16:40,87,92,10:50,71,14:40
2025-08-26,0201D,"BARCELONA, PORT OLÍMPIC",BARCELONA,26,"25,6","0,0","24,1",05:50,"27,2",13:40,09,"3,9","7,5",11:20,91,93,Varias,77,Varias
2025-08-27,0201D,"BARCELONA, PORT OLÍMPIC",BARCELONA,26,"26,2","0,0","24,3",05:20,"28,2",09:10,10,"7,8","13,3",17:40,87,92,Varias,62,08:50
2025-08-28,0201D,"BARCELONA, PORT OLÍMPIC",BARCELONA,26,"24,6","4,6","21,9",21:00,"27,3",11:40,99,"3,6","10,0",Varias,83,92,19:10,68,14:00
2025-08-29,0201D,"BARCELONA, PORT OLÍMPIC",BARCELONA,26,"25,2","0,0","20,6",05:00,"29,8",14:20,10,"4,2","13,6",18:50,51,91,00:40,34,Varias
2025-08-30,0201D,"BARCELONA, PORT OLÍMPIC",BARCELONA,26,"23,5","0,0","19,7",04:00,"27,3",09:40,08,"4,4","9,7",12:10,81,90,Varias,46,09:40
2025-08-31,0201D,"BARCELONA, PORT OLÍMPIC",BARCELONA,26,"25,2","4,4","21,9",03:50,"28,6",11:50,21,"2,8","7,2",Varias,84,92,Varias,77,09:20
2025-09-01,0201D,"BARCELONA, PORT OLÍMPIC",BARCELONA,26,"24,2","0,0","20,2",05:10,"28,1",17:20,12,"3,9","14,7",21:20,63,94,Varias,32,Varias
2025-09-02,0201D,"BARCELONA, PORT OLÍMPIC",BARCELONA,26,"23,9","0,0","19,9",06:00,"27,9",14:40,23,"5,3","13,3",14:00,56,85,00:30,40,11:00
2025-09-03,0201D,"BARCELONA, PORT OLÍMPIC",BARCELONA,26,"24,0","0,0","20,4",05:00,"27,5",14:50,23,"5,3","12,5",15:10,76,90,21:10,59,07:40
2025-09-04,0201D,"BARCELONA, PORT OLÍMPIC",BARCELONA,26,"24,8","0,0","21,8",05:20,"27,7",12:20,10,"3,9","13,3",21:30,84,90,Varias,75,10:00
2025-09-05,0201D,"BARCELONA, PORT OLÍMPIC",BARCELONA,26,"23,8","0,0","21,3",23:59,"26,3",11:00,99,"3,6","10,3",02:40,69,82,00:00,63,15:30
2025-09-06,0201D,"BARCELONA, PORT OLÍMPIC",BARCELONA,26,"23,9","0,0","20,0",05:40,"27,8",13:30,14,"2,2","5,0",11:50,74,90,22:20,65,12:50
2025-09-07,0201D,"BARCELONA, PORT OLÍMPIC",BARCELONA,26,"25,6","0,0","22,2",05:40,"28,9",12:20,26,"2,8","7,8",20:20,86,93,23:50,80,12:00
2025-09-08,0201D,"BARCELONA, PORT OLÍMPIC",BARCELONA,26,"25,2","1,7","23,6",23:10,"26,9",13:30,10,"5,6","9,7",05:20,87,93,Varias,79,13:40
2025-09-09,0201D,"BARCELONA, PORT OLÍMPIC",BARCELONA,26,"22,0","1,7","19,6",09:00,"24,3",12:50,10,"3,6","11,4",04:50,83,92,08:40,71,11:40
2025-09-10,0201D,"BARCELONA, PORT OLÍMPIC",BARCELONA,26,"24,8","0,0","20,4",04:30,"29,3",13:40,26,"3,9","11,7",15:40,60,91,Varias,33,13:30
2025-09-11,0201D,"BARCELONA, PORT OLÍMPIC",BARCELONA,26,"22,0","119,0","19,8",11:20,"24,1",03:40,13,"6,9","13,3",08:30,88,94,Varias,65,00:00
2025-09-12,0201D,"BARCELONA, PORT OLÍMPIC",BARCELONA,26,"22,7","0,0","20,7",05:20,"24,7",09:10,10,"5,0","11,1",13:30,86,91,10:20,82,13:10
2025-09-13,0201D,"BARCELONA, PORT OLÍMPIC",BARCELONA,26,"23,0","8,1","20,3",14:30,"25,6",13:10,33,"3,1","10,0",13:50,91,93,Varias,86,13:40
2025-09-14,0201D,"BARCELONA, PORT OLÍMPIC",BARCELONA,26,"23,3","0,0","20,9",05:50,"25,7",11:40,10,"2,5","8,6",01:20,89,92,Varias,79,09:00
2025-09-15,0201D,"BARCELONA, PORT OLÍMPIC",BARCELONA,26,"24,6","0,0","22,2",03:20,"27,0",15:00,24,"4,2","9,2",17:10,89,92,Varias,82,17:10
2025-09-16,0201D,"BARCELONA, PORT OLÍMPIC",BARCELONA,26,"25,0","0,0","23,0",04:40,"26,9",09:00,13,"3,3","7,8",05:20,85,92,Varias,79,Varias
2025-09-17,0201D,"BARCELONA, PORT OLÍMPIC",BARCELONA,26,"25,2","0,0","22,1",03:00,"28,2",15:50,20,"2,5","6,7",14:50,89,92,18:00,80,16:20
2025-09-18,0201D,"BARCELONA, PORT OLÍMPIC",BARCELONA,26,"24,8","0,0","21,7",06:00,"27,8",12:50,09,"2,2","6,1",09:40,90,93,Varias,83,08:00
2025-09-19,0201D,"BARCELONA, PORT OLÍMPIC",BARCELONA,26,"24,2","0,0","20,8",05:40,"27,6",12:40,99,"2,8","5,3",Varias,84,93,Varias,78,13:00
2025-09-20,0201D,"BARCELONA, PORT OLÍMPIC",BARCELONA,26,"25,3","5,5","22,7",04:50,"27,9",10:50,19,"3,1","6,1",12:40,87,91,Varias,83,09:30
2025-09-21,0201D,"BARCELONA, PORT OLÍMPIC",BARCELONA,26,"22,7","24,5","18,2",18:50,"27,2",11:40,34,"1,7","15,0",16:30,92,94,Varias,61,14:50
2025-09-22,0201D,"BARCELONA, PORT OLÍMPIC",BARCELONA,26,"20,4","0,0","15,8",06:00,"24,9",13:50,29,"2,2","8,9",01:40,56,86,00:00,37,13:40
2025-09-23,0201D,"BARCELONA, PORT OLÍMPIC",BARCELONA,26,"18,8","1,6","14,8",06:00,"22,8",11:40,12,"6,1","13,3",17:50,67,85,00:20,43,12:00
2025-09-24,0201D,"BARCELONA, PORT OLÍMPIC",BARCELONA,26,"18,0","0,0","13,9",03:50,"22,1",12:10,09,"3,6","9,7",23:50,59,92,Varias,41,11:50
2025-09-25,0201D,"BARCELONA, PORT OLÍMPIC",BARCELONA,26,"18,9","0,1","15,3",04:00,"22,5",13:20,10,"5,0","11,7",16:50,78,92,00:00,57,15:20
2025-09-26,0201D,"BARCELONA, PORT OLÍMPIC",BARCELONA,26,"19,5","0,0","16,1",06:00,"22,9",14:50,08,"5,3","11,9",18:40,84,90,18:20,64,Varias
2025-09-27,0201D,"BARCELONA, PORT OLÍMPIC",BARCELONA,26,"19,8","0,0","16,4",06:00,"23,3",13:00,11,"3,3","6,4",13:10,84,91,Varias,76,08:30
2025-09-28,0201D,"BARCELONA, PORT OLÍMPIC",BARCELONA,26,"20,6","0,0","18,6",Varias,"22,7",12:50,99,"6,9","11,7",Varias,89,91,Varias,87,Varias
2025-09-29,0201D,"BARCELONA, PORT OLÍMPIC",BARCELONA,26,"19,7","0,0","16,7",05:50,"22,7",13:00,09,"4,2","10,0",10:00,83,91,Varias,57,09:30
2025-09-30,0201D,"BARCELONA, PORT OLÍMPIC",BARCELONA,26,"21,3","0,0","18,3",05:40,"24,3",12:50,15,"2,5","5,3",11:30,79,90,Varias,64,10:40
2025-10-01,0201D,"BARCELONA, PORT OLÍMPIC",BARCELONA,26,"21,1","0,0","17,6",06:00,"24,6",10:30,19,"3,1","6,7",11:50,78,91,Varias,61,15:50
2025-10-02,0201D,"BARCELONA, PORT OLÍMPIC",BARCELONA,26,"21,4","0,0","19,8",06:30,"22,9",Varias,13,"2,8","7,2",09:30,77,90,00:30,61,11:10
2025-10-03,0201D,"BARCELONA, PORT OLÍMPIC",BARCELONA,26,"21,6","0,0","18,6",04:00,"24,5",12:00,21,"1,9","5,8",16:10,87,90,Varias,79,11:40
2025-10-04,0201D,"BARCELONA, PORT OLÍMPIC",BARCELONA,26,"22,4","0,0","18,8",06:00,"25,9",14:20,10,"3,6","14,7",23:50,84,92,Varias,58,14:10
2025-10-05,0201D,"BARCELONA, PORT OLÍMPIC",BARCELONA,26,"19,2","26,1","15,6",10:00,"22,7",17:20,11,"4,2","13,6",00:10,81,94,Varias,51,15:20
2025-10-06,0201D,"BARCELONA, PORT OLÍMPIC",BARCELONA,26,"18,6","0,0","15,3",05:50,"21,9",13:40,22,"4,2","10,0",13:50,71,94,00:00,56,10:40
2025-10-07,0201D,"BARCELONA, PORT OLÍMPIC",BARCELONA,26,"19,8","0,0","15,8",06:00,"23,7",11:40,23,"3,3","8,3",15:10,80,93,Varias,63,11:40
2025-10-08,0201D,"BARCELONA, PORT OLÍMPIC",BARCELONA,26,"21,2","0,0","17,9",06:10,"24,4",12:00,22,"1,4","7,2",14:10,87,93,Varias,71,10:00
2025-10-09,0201D,"BARCELONA, PORT OLÍMPIC",BARCELONA,26,"21,4","4,4","18,7",06:40,"24,2",14:40,14,"3,1","7,2",17:40,88,94,19:00,79,13:30
2025-10-10,0201D,"BARCELONA, PORT OLÍMPIC",BARCELONA,26,"20,8","0,1","17,7",02:30,"24,0",11:40,99,"6,7","15,3",15:50,76,93,Varias,61,Varias
2025-10-11,0201D,"BARCELONA, PORT OLÍMPIC",BARCELONA,26,"21,2","0,0","19,3",23:59,"23,2",11:50,08,"8,3","12,5",10:00,77,87,Varias,61,00:00
2025-10-12,0201D,"BARCELONA, PORT OLÍMPIC",BARCELONA,26,"20,2","0,0","18,1",04:00,"22,2",12:40,10,"6,7","11,9",13:40,88,92,Varias,78,Varias
2025-10-13,0201D,"BARCELONA, PORT OLÍMPIC",BARCELONA,26,"20,8","0,0","18,5",Varias,"23,2",13:40,10,"3,6","8,6",21:10,89,93,20:30,79,10:10
2025-10-14,0201D,"BARCELONA, PORT OLÍMPIC",BARCELONA,26,"20,6","0,0","18,0",23:59,"23,3",11:00,11,"3,6","11,9",14:30,87,93,Varias,79,09:20
2025-10-15,0201D,"BARCELONA, PORT OLÍMPIC",BARCELONA,26,"19,6","0,0","16,6",06:40,"22,6",13:00,13,"2,2","5,0",15:00,85,93,Varias,68,09:50
2025-10-16,0201D,"BARCELONA, PORT OLÍMPIC",BARCELONA,26,"19,4","1,9","16,8",04:30,"21,9",13:20,08,"2,8","6,4",10:40,87,94,23:40,83,12:50
2025-10-17,0201D,"BARCELONA, PORT OLÍMPIC",BARCELONA,26,"19,8","0,0","17,0",06:00,"22,7",11:20,18,"1,7","6,4",11:50,89,94,Varias,78,14:40
2025-10-18,0201D,"BARCELONA, PORT OLÍMPIC",BARCELONA,26,"18,7","0,1","16,1",06:00,"21,3",13:30,99,"2,8","7,8",11:30,91,93,Varias,83,09:20
2025-10-19,0201D,"BARCELONA, PORT OLÍMPIC",BARCELONA,26,"19,8","9,8","16,1",06:10,"23,4",11:20,24,"4,4","12,5",14:10,85,93,Varias,74,12:20
2025-10-20,0201D,"BARCELONA, PORT OLÍMPIC",BARCELONA,26,"22,2","0,0","18,7",23:59,"25,8",14:30,24,"3,9","11,4",00:40,72,94,04:40,50,Varias
2025-10-21,0201D,"BARCELONA, PORT OLÍMPIC",BARCELONA,26,"21,6","0,0","16,8",05:20,"26,3",15:30,26,"2,8","9,4",12:50,65,89,Varias,48,15:20
2025-10-22,0201D,"BARCELONA, PORT OLÍMPIC",BARCELONA,26,"23,2","0,0","19,6",00:50,"26,9",15:40,33,"3,1","11,1",06:20,74,84,12:40,48,Varias
2025-10-23,0201D,"BARCELONA, PORT OLÍMPIC",BARCELONA,26,"22,3","0,0","17,9",23:59,"26,7",09:30,27,"4,2","18,9",11:40,44,76,05:10,28,Varias
2025-10-24,0201D,"BARCELONA, PORT OLÍMPIC",BARCELONA,26,"18,5","0,0","15,0",05:30,"22,0",13:00,28,"3,1","9,7",09:50,52,80,23:00,39,12:30
2025-10-25,0201D,"BARCELONA, PORT OLÍMPIC",BARCELONA,26,"18,6","2,5","15,9",05:40,"21,4",12:10,27,"2,8","7,2",18:00,83,92,22:40,70,05:10
2025-10-26,0201D,"BARCELONA, PORT OLÍMPIC",BARCELONA,26,"16,2","2,9","13,6",09:50,"18,8",02:00,32,"1,7","8,3",09:50,77,92,03:10,60,23:59
2025-10-27,0201D,"BARCELONA, PORT OLÍMPIC",BARCELONA,26,"15,6","0,0","12,1",04:50,"19,2",15:50,35,"2,8","8,6",03:50,58,75,23:59,48,15:30
2025-10-28,0201D,"BARCELONA, PORT OLÍMPIC",BARCELONA,26,"16,5","0,0","12,2",05:50,"20,8",11:50,,"2,8",,,74,89,Varias,55,10:50
2025-10-29,0201D,"BARCELONA, PORT OLÍMPIC",BARCELONA,26,"17,8","0,5","13,6",02:30,"22,0",12:10,22,"2,8","7,8",12:00,87,93,Varias,71,12:00
2025-10-30,0201D,"BARCELONA, PORT OLÍMPIC",BARCELONA,26,"19,6","0,0","16,3",06:40,"22,9",13:30,26,"2,5","6,9",12:50,78,93,Varias,66,14:30
2025-10-31,0201D,"BARCELONA, PORT OLÍMPIC",BARCELONA,26,"18,6","0,0","13,9",05:50,"23,2",14:30,24,"2,8","7,2",14:10,82,92,Varias,53,14:20
2025-11-01,0201D,"BARCELONA, PORT OLÍMPIC",BARCELONA,26,"19,0","0,0","15,7",07:10,"22,4",11:50,23,"3,1","7,8",13:10,87,93,17:30,65,15:20
2025-11-02,0201D,"BARCELONA, PORT OLÍMPIC",BARCELONA,26,"19,4","0,0","15,7",23:59,"23,2",12:50,99,"4,4","10,0",Varias,76,93,23:40,38,12:20
2025-11-03,0201D,"BARCELONA, PORT OLÍMPIC",BARCELONA,26,"17,6","0,0","14,5",05:30,"20,7",11:50,36,"2,8","6,1",06:20,82,94,00:00,70,Varias
2025-11-04,0201D,"BARCELONA, PORT OLÍMPIC",BARCELONA,26,"16,4","0,0","11,9",06:40,"21,0",11:50,21,"2,5","6,4",15:30,86,92,Varias,70,10:20
2025-11-05,0201D,"BARCELONA, PORT OLÍMPIC",BARCELONA,26,"17,4","7,7","13,7",03:30,"21,2",11:50,35,"2,2","5,0",03:50,91,93,Varias,80,09:40
2025-11-06,0201D,"BARCELONA, PORT OLÍMPIC",BARCELONA,26,"16,6","4,2","13,5",08:40,"19,6",05:40,15,"6,9","15,8",06:20,74,94,06:30,57,Varias
2025-11-07,0201D,"BARCELONA, PORT OLÍMPIC",BARCELONA,26,"16,2","0,0","12,6",04:50,"19,9",13:10,32,"2,2","7,2",08:10,66,86,04:40,55,13:00
2025-11-08,0201D,"BARCELONA, PORT OLÍMPIC",BARCELONA,26,"15,5","0,0","12,4",23:40,"18,6",13:40,32,"1,4","5,8",15:10,77,90,21:50,67,14:00
2025-11-09,0201D,"BARCELONA, PORT OLÍMPIC",BARCELONA,26,"16,0","0,0","12,2",07:10,"19,9",13:00,99,"1,9","7,5",Varias,72,87,00:00,57,12:40
2025-11-10,0201D,"BARCELONA, PORT OLÍMPIC",BARCELONA,26,"15,4","0,0","11,3",07:00,"19,6",12:00,32,"3,1","5,8",10:40,74,87,06:50,51,11:40
2025-11-11,0201D,"BARCELONA, PORT OLÍMPIC",BARCELONA,26,"15,0","0,0","10,4",04:50,"19,5",12:30,21,"3,9","6,4",12:50,80,90,Varias,62,17:00
2025-11-12,0201D,"BARCELONA, PORT OLÍMPIC",BARCELONA,26,"16,5","0,0","11,9",07:00,"21,1",12:50,09,"2,2","5,6",23:59,89,94,16:50,75,10:40
2025-11-13,0201D,"BARCELONA, PORT OLÍMPIC",BARCELONA,26,"17,4","0,0","15,6",03:30,"19,3",13:50,08,"6,1","10,6",09:50,93,94,Varias,91,04:20
2025-11-14,0201D,"BARCELONA, PORT OLÍMPIC",BARCELONA,26,"19,6","0,0","17,8",23:30,"21,5",14:00,22,"2,2","8,6",14:00,91,94,Varias,83,13:50
2025-11-15,0201D,"BARCELONA, PORT OLÍMPIC",BARCELONA,26,"18,8","11,3","15,0",23:59,"22,6",12:20,24,"2,8","8,6",12:40,69,92,23:59,42,14:30
2025-11-16,0201D,"BARCELONA, PORT OLÍMPIC",BARCELONA,26,"17,7","0,0","14,7",00:40,"20,7",12:50,31,"2,8","11,4",09:50,67,94,Varias,50,Varias
2025-11-17,0201D,"BARCELONA, PORT OLÍMPIC",BARCELONA,26,"15,8","0,0","12,6",07:20,"18,9",12:50,31,"1,9","6,4",04:30,78,89,Varias,61,11:40
2025-11-18,0201D,"BARCELONA, PORT OLÍMPIC",BARCELONA,26,"13,9","0,0","11,8",Varias,"16,0",14:30,34,"1,9","9,2",10:40,71,89,Varias,61,Varias
2025-11-19,0201D,"BARCELONA, PORT OLÍMPIC",BARCELONA,26,"11,2","0,0","8,0",07:40,"14,3",13:50,33,"2,5","10,3",14:40,60,73,23:40,48,13:40
2025-11-20,0201D,"BARCELONA, PORT OLÍMPIC",BARCELONA,26,"10,6","0,0","7,6",03:50,"13,7",13:10,30,"1,7","7,5",21:30,80,89,Varias,61,22:10
2025-11-21,0201D,"BARCELONA, PORT OLÍMPIC",BARCELONA,26,"8,6","0,0","5,2",06:20,"12,0",14:00,33,"3,9","13,6",16:50,44,84,06:10,23,Varias
2025-11-22,0201D,"BARCELONA, PORT OLÍMPIC",BARCELONA,26,"9,8","0,0","5,8",05:40,"13,8",12:50,31,"3,9","13,6",08:00,34,54,23:50,27,12:50
2025-11-23,0201D,"BARCELONA, PORT OLÍMPIC",BARCELONA,26,"11,6","0,0","7,3",07:00,"15,8",14:00,27,"1,9","7,8",01:50,65,70,15:40,54,00:00
2025-11-24,0201D,"BARCELONA, PORT OLÍMPIC",BARCELONA,26,"16,4","0,0","13,5",04:00,"19,3",15:00,31,"3,6","13,1",11:50,62,80,20:50,53,12:10
2025-11-25,0201D,"BARCELONA, PORT OLÍMPIC",BARCELONA,26,"13,0","0,0","9,6",23:59,"16,3",15:50,29,"3,6","9,7",01:50,58,76,00:00,42,Varias
2025-11-26,0201D,"BARCELONA, PORT OLÍMPIC",BARCELONA,26,"11,6","0,0","8,2",23:30,"15,0",13:40,31,"3,6","11,4",15:00,37,55,00:00,30,18:00
2025-11-27,0201D,"BARCELONA, PORT OLÍMPIC",BARCELONA,26,"11,0","0,0","7,7",06:00,"14,4",12:00,35,"2,2","8,1",02:50,46,60,18:10,35,02:50
2025-11-28,0201D,"BARCELONA, PORT OLÍMPIC",BARCELONA,26,"10,8","0,0","5,6",05:20,"16,1",13:50,21,"2,5","6,7",14:20,58,66,Varias,47,Varias
2025-11-29,0201D,"BARCELONA, PORT OLÍMPIC",BARCELONA,26,"12,8","0,0","8,0",07:50,"17,6",12:10,32,"2,2","7,8",11:10,68,82,Varias,53,10:20
2025-11-30,0201D,"BARCELONA, PORT OLÍMPIC",BARCELONA,26,"12,4","0,0","8,7",05:40,"16,2",13:50,36,"1,9","7,5",07:00,71,82,23:40,66,13:20
